Original,Sottostante
0% BUNDESREPUBLIK DEUTSCHLAND (08/15/52),0% BUNDESREPUBLIK DEUTSCHLAND (08/15/52)
0.5% FRA GOVT (05/25/2072),0.5% FRA GOVT (05/25/2072)
10 Year EUR ICE Swap Rate,10 Year EUR ICE Swap Rate
10-YEARS US TREASURY NOTE FUTURE,10-YEARS US TREASURY NOTE FUTURE
2.15% BTPS ITA (03/01/72),2.15% BTPS ITA (03/01/72)
2.45% BTPS ITA (09/01/50),2.45% BTPS ITA (09/01/50)
5XL AMZN 3,5XL AMZN 3
A2A,A2A SpA
A2A SPA,A2A SpA
AAL,American Airlines Group
AAPL,Apple Inc.
ABBOTT LABORATORIES,Abbott Laboratories
ABBVIE,AbbVie Inc.
ABBVIE INC,AbbVie Inc.
ABINBEV,Anheuser-Busch InBev SA/NV
ABN,ABN Amro
ABNB,Airbnb Inc.
ACA,Crédit Agricole S.A.
ADDS,Adidas AG
ADIDAS,Adidas AG
ADIDAS AG,Adidas AG
ADOBE,Adobe Inc.
ADOBE INC,Adobe Inc.
Adobe Systems Inc,Adobe Inc.
ADS,Adidas AG
ADV AUTO,Advance Auto Parts
ADVANTEST,Advantest Corporation
ADVANTEST CORPORATIO,Advantest Corporation
ADYEN,Adyen N.V.
AEGON,Aegon N.V.
AF,Air France-KLM
AGEAS,Ageas SA/NV
AGN,"AbbVie Inc. (AGN was Allergan, acquired by AbbVie; or Ageas if context points there)"
AGS,Ageas SA/NV
AI,C3.ai Inc.
AIG,American International Group
AIR FRA-KLM,Air France-KLM
AIR FRANCE,Air France-KLM
AIR FRANCE KLM,Air France-KLM
AIR FRANCE-KLM,Air France-KLM
AIR LIQUIDE,Air Liquide S.A.
AIRB,Airbnb Inc.
AIRBNB,Airbnb Inc.
AirBnB Inc.,Airbnb Inc.
AIRBUS,Airbus SE
AIRFRANCE,Air France-KLM
AIRFRANCE-KLM,Air France-KLM
AKZO NOBEL NV,Akzo Nobel N.V.
ALBE,Albemarle Corporation
ALC,Alcon Inc.
ALCOA,Alcoa Corporation
ALGEBRIS FINANCIAL CREDIT FUND,ALGEBRIS FINANCIAL CREDIT FUND
ALIBABA,Alibaba Group Holding Ltd.
ALIBABA (ADR),Alibaba Group Holding Ltd.
ALIBABA ADR,Alibaba Group Holding Ltd.
ALIBABA GROUP,Alibaba Group Holding Ltd.
ALIBABA GROUP HOLDING LTD,Alibaba Group Holding Ltd.
ALLEGRO TRANSAT FUND,ALLEGRO TRANSAT FUND
ALLIANZ,Allianz SE
ALLX COMETA AMC IDX,ALLX COMETA AMC IDX
ALO,Alstom SA
ALPH,Alphabet Inc.
ALPHAB,Alphabet Inc.
ALPHABET,Alphabet Inc.
ALPHABET A,Alphabet Inc.
ALPHABET C,Alphabet Inc.
ALPHABET CL. A,Alphabet Inc.
ALPHABET CLASS C,Alphabet Inc.
Alphabet Inc. C,Alphabet Inc.
ALSTOM,Alstom SA
ALTRIA,Altria Group Inc.
ALV,Allianz SE
AMAT,Applied Materials Inc.
AMAZON,Amazon.com Inc.
AMAZON INC,Amazon.com Inc.
AMD,Advanced Micro Devices Inc.
AMER AIR,American Airlines Group
AMERIC AIR,American Airlines Group
AMERICAN A,American Airlines Group
AMERICAN AI,American Airlines Group
AMERICAN AIR,American Airlines Group
AMERICAN AIRLINES,American Airlines Group
American Airlines Group,American Airlines Group
AMERICAN EXPRESS,American Express Company
AMERICAN INT,American International Group
AMGEN,Amgen Inc.
AMP,Ameriprise Financial Inc. (Assuming AMP is part of AMPF)
AMPF,Ameriprise Financial Inc.
AMPLIFON,Amplifon SpA
Amplifon SpA,Amplifon SpA
AMUNDI MSCI INDIA LI UCITS ETF,AMUNDI MSCI INDIA LI UCITS ETF
AMZ,Amazon.com Inc.
AMZN,Amazon.com Inc.
ANGLO,Anglo American plc
ANGLO AM,Anglo American plc
ANGLO AMERICAN,Anglo American plc
ANGLOAMER,Anglo American plc
ANH-BUS,Anheuser-Busch InBev SA/NV
APMOLLER,A.P. Møller - Mærsk A/S
APPLE,Apple Inc.
APPLIED MAT,Applied Materials Inc.
APPLIED MATERIALS IN,Applied Materials Inc.
ARCEL,ArcelorMittal
ARCELOR MITTAL,ArcelorMittal
ARCELORMITTAL,ArcelorMittal
ARCLMT,ArcelorMittal
ARM,Arm Holdings plc
ARM HOLDINGS,Arm Holdings plc
ARM HOLDINGS UW,Arm Holdings plc
ASAHI,Asahi Group Holdings Ltd.
ASM,ASM International N.V.
ASML,ASML Holding N.V.
ASML HOLDING,ASML Holding N.V.
Aston Martin Lagonda,Aston Martin Lagonda Global Holdings PLC
ASTRA,AstraZeneca PLC
ASTRAZ,AstraZeneca PLC
ASTRAZENECA,AstraZeneca PLC
AUTO,"AUTO (Too generic, could be AutoZone, AutoNation, or a sector. Kept as is.)"
AVGO,Broadcom Inc.
AXA,AXA SA
AZIM,Azimut Holding SpA
AZIMUT,Azimut Holding SpA
AZIMUT HOLDING,Azimut Holding SpA
Azimut Holding SpA,Azimut Holding SpA
AZN,AstraZeneca PLC
B CUCINELLI,Brunello Cucinelli S.p.A.
B GENER,Banca Generali S.p.A.
BABA,Alibaba Group Holding Ltd.
BAE,BAE Systems plc
BAIDU,Baidu Inc.
Baidu Inc,Baidu Inc.
BAIDU INC. (ADR),Baidu Inc.
BAIDU(ADR),Baidu Inc.
BALLARD,Ballard Power Systems Inc.
BALLARD POW SYS,Ballard Power Systems Inc.
BAMI,Banco BPM SpA
BANCA FINECO,FinecoBank S.p.A.
Banca Generali S.p.A.,Banca Generali S.p.A.
Banca Mediolanum SpA,Banca Mediolanum SpA
BANCA MONTE P. SIENA,Banca Monte dei Paschi di Siena S.p.A.
BANCA POPOLARE DI SONDRIO,Banca Popolare di Sondrio S.p.A.
BANCO BPM,Banco BPM SpA
BANCO BPM SPA,Banco BPM SpA
BANCO DE SABADELL S,Banco de Sabadell S.A.
BANCO SANTANDER,Banco Santander S.A.
BANCOBPM,Banco BPM SpA
BANCOSANTANDER,Banco Santander S.A.
BANKS,"BANKS (Sector name, kept as is)"
BAR,Barclays Plc
BARC,Barclays Plc
BARCL,Barclays Plc
BARCLAYS,Barclays Plc
BARCLAYS Plc,Barclays Plc
BARR,Barrick Gold Corporation
BARR GOLD,Barrick Gold Corporation
BARRICK,Barrick Gold Corporation
BARRICK GOLD,Barrick Gold Corporation
BAS,BASF SE
BASF,BASF SE
BASF AG,BASF SE
BASKET 9 EU SHARES,BASKET 9 EU SHARES
BAT,British American Tobacco p.l.c.
BATS,British American Tobacco p.l.c.
BAY,Bayer AG
BAYER,Bayer AG
BAYER AG,Bayer AG
"BAYER,INTESA,ENI,RNO","BAYER,INTESA,ENI,RNO"
BAYERISCHE MOTOREN W,Bayerische Motoren Werke AG (BMW)
BAYN,Bayer AG
BBG TRANSATLANTIC TECH TITANS 2023DECR5%,BBG TRANSATLANTIC TECH TITANS 2023DECR5%
BBVA,Banco Bilbao Vizcaya Argentaria S.A.
BBVA.,Banco Bilbao Vizcaya Argentaria S.A.
BC,"Booking Holdings Inc. (BC is a ticker for Booking sometimes, or Brunswick. BKNG is more specific)"
BE Semiconductor Industries,BE Semiconductor Industries N.V.
BERKSH,Berkshire Hathaway Inc.
BERKSHIRE HATHAWAY B,Berkshire Hathaway Inc. B
BEYOND MEAT,Beyond Meat Inc.
BEYOND MEAT INC,Beyond Meat Inc.
BHP,BHP Group
BIDU,Baidu Inc.
BILIBILI,Bilibili Inc.
BIOGEN,Biogen Inc.
BIOMARIN PHARMACEUTICAL,BioMarin Pharmaceutical Inc.
BIONTECH,BioNTech SE
BioNTech SE ADR,BioNTech SE
BKNG,Booking Holdings Inc.
BKT 2 STOXX EUR 600,BKT 2 STOXX EUR 600
BKT DEBT ISP-UCG-MB,BKT DEBT ISP-UCG-MB
BKT DEBT RNO-STLA,BKT DEBT RNO-STLA
BLACKROCK,BlackRock Inc.
BLACKSTONE,Blackstone Inc.
BLOCK,Block Inc.
BLOOM,Bloom Energy Corporation
BLOOM ENE CORP,Bloom Energy Corporation
BLOOM ENERGY,Bloom Energy Corporation
BLOOM EUR & US TOP PHARMA 22 DECR 5% IND,BLOOM EUR & US TOP PHARMA 22 DECR 5% IND
BLOOMBERG EUROZONE TITANS SEL DECR 5%,BLOOMBERG EUROZONE TITANS SEL DECR 5%
BLOOMBERG INFL EURO EQUITY WINNERS 22 D,BLOOMBERG INFL EURO EQUITY WINNERS 22 D
BLOOMBERG METAVERSE DECR 5% IND (EUR),BLOOMBERG METAVERSE DECR 5% IND (EUR)
BLOOMBERG METAVERSE NET RETURN INDEX EUR,BLOOMBERG METAVERSE NET RETURN INDEX EUR
BLOOMBERG TRANSTOPBRANDSFIXSEL D5%IDXEUR,BLOOMBERG TRANSTOPBRANDSFIXSEL D5%IDXEUR
BMP,Banco BPM SpA
BMPS,Banca Monte dei Paschi di Siena S.p.A.
BMW,Bayerische Motoren Werke AG (BMW)
BNP,BNP Paribas S.A.
BNP ALEPH ADAPTIVE RISK ALLOCAT IDX AMC,BNP ALEPH ADAPTIVE RISK ALLOCAT IDX AMC
BNP DEF FL IDX,BNP DEF FL IDX
BNP DIAMAN AMC IDX,BNP DIAMAN AMC IDX
BNP FLEX AMC IDX,BNP FLEX AMC IDX
BNP HY BOND AMC IDX,BNP HY BOND AMC IDX
BNP MSCI SEL50 IDX,BNP MSCI SEL50 IDX
BNP PARIBAS,BNP Paribas S.A.
BNP PARIBAS 5% VOLATILITY CONTROL ON AI,BNP PARIBAS 5% VOLATILITY CONTROL ON AI
BNP PARIBAS GLOBAL RENEWABLE ENERGIESIDX,BNP PARIBAS GLOBAL RENEWABLE ENERGIESIDX
BNP PARIBAS GLOBAL WASTE MANAGEMENT IND,BNP PARIBAS GLOBAL WASTE MANAGEMENT IND
BNP PARIBAS GLOBAL WATER INDEX,BNP PARIBAS GLOBAL WATER INDEX
BNP PARIBAS SUSTAIN EU VALUE I MD 4%FUND,BNP PARIBAS SUSTAIN EU VALUE I MD 4%FUND
BNP PARIBAS TECHNOLOGY BALANCED INDEX,BNP PARIBAS TECHNOLOGY BALANCED INDEX
BNP PR BRANDS TR,BNP PR BRANDS TR
BNP S&S FUTURE LEAD EQUITY TR EUR AMCIND,BNP S&S FUTURE LEAD EQUITY TR EUR AMCIND
BNP SMART FOOD CLAS CAP EUR I MD 4% FUN,BNP SMART FOOD CLAS CAP EUR I MD 4% FUN
BNP TRANSITION METALS ER8% IDX,BNP TRANSITION METALS ER8% IDX
BNP WR,BNP WR
BNPGLOBWATIDX,BNPGLOBWATIDX
BNPIECL8,BNPIECL8
BNPIPAT5,BNPIPAT5
BNPPARIBAS,BNP Paribas S.A.
BOEING,The Boeing Company
BOND XS1487495316_SAIPEM FINANCE_2023,BOND XS1487495316_SAIPEM FINANCE_2023
BOOKING,Booking Holdings Inc.
BOOKING HOLDINGS INC,Booking Holdings Inc.
BOSS,Hugo Boss AG
BOSTON SCIENTIFIC CORP,Boston Scientific Corporation
BOUYGUES,Bouygues S.A.
BP,BP p.l.c.
BP PLC,BP p.l.c.
BPE,BPER Banca S.p.A.
BPER,BPER Banca S.p.A.
BPER BANCA,BPER Banca S.p.A.
BPER Banca S.p.A.,BPER Banca S.p.A.
BPM,Banco BPM SpA
BRBY,Burberry Group plc
BRCUC,Brunello Cucinelli S.p.A.
BREMBO,Brembo S.p.A.
BRENT CRUDE OIL,BRENT CRUDE OIL
Bristol-Myers Squibb Co,Bristol Myers Squibb Company
BROAD,Broadcom Inc.
BROADCOM,Broadcom Inc.
Broadcom Ltd,Broadcom Inc.
BRUNELLO C,Brunello Cucinelli S.p.A.
BRUNELLO CUCIN,Brunello Cucinelli S.p.A.
BRUNELLO CUCINELLI,Brunello Cucinelli S.p.A.
BSANTAND,Banco Santander S.A.
BSK 4 ISTOXX DECR ENEL,BSK 4 ISTOXX DECR ENEL
BT GROUP,BT Group plc
Bund Future,Bund Future
BURB,Burberry Group plc
BURBERRY,Burberry Group plc
BUZZI,Buzzi Unicem S.p.A.
Buzzi Unicem SpA,Buzzi Unicem S.p.A.
BYD,BYD Company Limited
BYD Company Limited,BYD Company Limited
C3 AI,C3.ai Inc.
C3.AI,C3.ai Inc.
C3.ai Inc,C3.ai Inc.
CA,Crédit Agricole S.A.
CAC,CAC
CAC 40,CAC 40
CAMECO CORP,Cameco Corporation
CAMPAR,Davide Campari-Milano N.V.
CAMPARI,Davide Campari-Milano N.V.
CANADIAN SOLAR,Canadian Solar Inc.
CAP GEMINI,Capgemini SE
CAPGEMINI,Capgemini SE
CAPRI,Capri Holdings Limited
CAPRI HOLDINGS,Capri Holdings Limited
CARLSBERG,Carlsberg A/S
CARN,Carnival Corporation & plc
CARNIVAL,Carnival Corporation & plc
Carnival Corp,Carnival Corporation & plc
CARNIVAL PLC,Carnival Corporation & plc
CARR,Carrier Global Corporation
CATERPILLAR INC,Caterpillar Inc.
CBK,Commerzbank AG
CCL,Carnival Corporation & plc
CEG,Constellation Energy Group
CELLNEX TE,Cellnex Telecom S.A.
CFR,Compagnie Financière Richemont SA
CHEVR,Chevron Corporation
CHF,CHF
CHILRGCAPETF,CHILRGCAPETF
CI,Cigna Group
CIE,Compagnie de Saint-Gobain S.A.
CIE DE SAINT-,Compagnie Financière Richemont SA
CIE FINANCIERE,Compagnie Financière Richemont SA
CIE RICHEMONT,Compagnie Financière Richemont SA
CISCO,Cisco Systems Inc.
CISCO SYSTEMS,Cisco Systems Inc.
CITI,Citigroup Inc.
CITIGROUP,Citigroup Inc.
CITIGROUP INC.,Citigroup Inc.
CL1,CL1 (Typically WTI Crude Oil Front Month Future)
CLEVELAND-CLIFFS,Cleveland-Cliffs Inc.
CMCSA,Comcast Corporation
CME,CME Group Inc.
CNC,Centene Corporation
CNH,CNH Industrial N.V.
COCA,The Coca-Cola Company
COCA COLA CO,The Coca-Cola Company
COCACOLA,The Coca-Cola Company
COCA-COLA,The Coca-Cola Company
COCOA FUTURE,COCOA FUTURE
COIN,Coinbase Global Inc.
COINB,Coinbase Global Inc.
Coinbase,Coinbase Global Inc.
COINBASE GLOB,Coinbase Global Inc.
COINBASE GLOBAL,Coinbase Global Inc.
COMCAST,Comcast Corporation
COMMER,Commerzbank AG
COMMERZ,Commerzbank AG
COMMERZBANK,Commerzbank AG
COMPAGNIE FINANCIÃˆRE RICHEMONT,Compagnie Financière Richemont SA
COMPAGNIE FINANCIERE RICHEMONT,Compagnie Financière Richemont SA
CONOCOPHILLIPS,ConocoPhillips
CONSTELL,"Constellation Brands (or Constellation Energy, more context needed, assuming Brands based on typical finance lists)"
CONSUMER DISCR SEL SECTOR SPDR FUND ETF,CONSUMER DISCR SEL SECTOR SPDR FUND ETF
CONSUMER STAPLES SEL SECT SPDR FUND ETF,CONSUMER STAPLES SEL SECT SPDR FUND ETF
CONTIN,Continental AG
CONTINENTAL AG,Continental AG
COP,ConocoPhillips
COPPER COMEX FUTURE,COPPER COMEX FUTURE
COPPER FUTURE MAR 25,COPPER FUTURE MAR 25
COSTC,Costco Wholesale Corporation
COSTCO WHOLESALE CORPORATION,Costco Wholesale Corporation
COTTON FUTURE,COTTON FUTURE
COVESTRO AG,Covestro AG
CPR,Capri Holdings Limited
CPRI,Capri Holdings Limited
CREDIT AGR,Crédit Agricole S.A.
CREDIT AGRIC,Crédit Agricole S.A.
CREDIT AGRICOLE,Crédit Agricole S.A.
CREDIT SUISSE,Credit Suisse Group AG
CRISPR THERAPEUTICS AG,CRISPR Therapeutics AG
CRM,Salesforce Inc.
CrowdStrike Holdings Ord shs,CrowdStrike Holdings Inc.
CS,Credit Suisse Group AG
CSI 1000,CSI 1000
CSI 300,CSI 300
CSI SMALLCAP 500 INDEX,CSI SMALLCAP 500 INDEX
CSIQ,Canadian Solar Inc.
CUCINELLI,Brunello Cucinelli S.p.A.
CUMMINS,Cummins Inc.
CVS Caremark Corp,CVS Health Corporation
CVX,Chevron Corporation
CYBER,CYBER
Cyber Security Performance Index,Cyber Security Performance Index
D BANK,Deutsche Bank AG
DAIMLER TRUCK HOLDING,Daimler Truck Holding AG
DANIELI & C,Danieli & C. Officine Meccaniche S.p.A.
DANONE,Danone S.A.
DASS,"Dassault Systèmes SE (or Dassault Aviation, DASS is often Systèmes)"
DASSA,Dassault Aviation SA
Dassault Aviation Ord Shs,Dassault Aviation SA
Davide Campari Milano,Davide Campari-Milano N.V.
DAVIDE CAMPARI-MILANO,Davide Campari-Milano N.V.
DAX,DAX
DAX FUTURE,DAX FUTURE
DAX FUTURES LEVERAGE SHORT 7X,DAX FUTURES LEVERAGE SHORT 7X
DAX NET RETURN,DAX NET RETURN
DAX PR,DAX PR
DB,Deutsche Bank AG
DBANK,Deutsche Bank AG
DBK,Deutsche Bank AG
DE' LONGHI,De' Longhi S.p.A.
DEB ISP SUB,DEB ISP SUB
DEB ITA,DEB ITA
DEB MUNDYS,DEB MUNDYS
DEB SAN SUB,DEB SAN SUB
DEB UCG SUB,DEB UCG SUB
DEBBARCSUB,DEBBARCSUB
DEBITO 10 SOCIETA' EUROPEE,DEBITO 10 SOCIETA' EUROPEE
DEBITO BNP SUB,DEBITO BNP SUB
DEBITO DEUTSCHE BANK SUB,DEBITO DEUTSCHE BANK SUB
DEBITO ENEL,DEBITO ENEL
DEBITO ENI,DEBITO ENI
DEBITO GENERALI,DEBITO GENERALI
DEBITO GENERALI SUB,DEBITO GENERALI SUB
DEBITO GLENCORE INTERNATIONAL,DEBITO GLENCORE INTERNATIONAL
DEBITO GS,DEBITO GS
DEBITO ILIAD,DEBITO ILIAD
DEBITO INTESA SANPAOLO,DEBITO INTESA SANPAOLO
DEBITO INTESA SANPAOLO SUB,DEBITO INTESA SANPAOLO SUB
DEBITO ISPSUB,DEBITO ISPSUB
DEBITO ITALIA,DEBITO ITALIA
DEBITO LEONARDO,DEBITO LEONARDO
DEBITO MEDIOBANCA,DEBITO MEDIOBANCA
DEBITO MEDIOBANCA SUB,DEBITO MEDIOBANCA SUB
DEBITO RENAULT,DEBITO RENAULT
DEBITO SAIPEM,DEBITO SAIPEM
DEBITO STELLANTIS,DEBITO STELLANTIS
DEBITO TELECOM ITALIA SPA,DEBITO TELECOM ITALIA SPA
DEBITO UCG,DEBITO UCG
DEBITO UCG SUB,DEBITO UCG SUB
DEBITO UNICREDIT,DEBITO UNICREDIT
DEBITO UNICREDIT SUB,DEBITO UNICREDIT SUB
DEBT AAL,DEBT AAL
DEBT AMERICAN AIRLINES,DEBT AMERICAN AIRLINES
DEBT NEXI,DEBT NEXI
DEBT XEROX CORP,DEBT XEROX CORP
DEERE CO,Deere & Company
DEL HERO,Delivery Hero SE
DELHERO,Delivery Hero SE
DELIVERY HERO,Delivery Hero SE
DELL,Dell Technologies Inc.
DELL TECHNOLOGIES INC,Dell Technologies Inc.
DELTA,Delta Air Lines Inc.
DEU,DEU (Too generic)
DEU B,DEU B (Too generic)
DEU BANK,Deutsche Bank AG
DEU LUFT,Deutsche Lufthansa AG
DEU TELE,Deutsche Telekom AG
DEU TELEK,Deutsche Telekom AG
DEUTSCHE BANK,Deutsche Bank AG
DEUTSCHE BANK AG,Deutsche Bank AG
DEUTSCHE LUFTHA,Deutsche Lufthansa AG
DEUTSCHE POST AG,Deutsche Post AG
DEUTSCHE TELEKOM,Deutsche Telekom AG
DEUTSCHEBANK,Deutsche Bank AG
DEVON,Devon Energy Corporation
DG,Dollar General Corporation
DHERO,Delivery Hero SE
DHL,DHL
DIA,Diageo plc
DIAGEO,Diageo plc
DIAMAN GLOBAL FOCUS TR EUR AMC INDEX,DIAMAN GLOBAL FOCUS TR EUR AMC INDEX
DIAS,DiaSorin S.p.A.
DIASORIN,DiaSorin S.p.A.
DiaSorin SpA,DiaSorin S.p.A.
DIREXION 3X DLY 20+Y,DIREXION 3X DLY 20+Y
DIS,The Walt Disney Company
DISNEY,The Walt Disney Company
DJ600 TOTAL RETURN,DJ600 TOTAL RETURN
DOCUSIGN,DocuSign Inc.
DOMINION,Dominion Energy Inc.
DoorDash Inc,DoorDash Inc.
DOW JONES INDUSTRIAL,DOW JONES INDUSTRIAL
DOW JONES INDUSTRIAL AVERAGE TR INDEX,DOW JONES INDUSTRIAL AVERAGE TR INDEX
DOWJONESINDUSTRIAL,DOWJONESINDUSTRIAL
DSM,DSM-Firmenich AG
DTELEK,Deutsche Telekom AG
DTG,Daimler Truck Holding AG
DYN FINECO FUND,DYN FINECO FUND
E.ON,E.ON SE
EASYJ,EasyJet plc
EASYJET,EasyJet plc
EBAY,eBay Inc.
EDF,Électricité de France S.A.
EISXX 50 H&F IDX,EISXX 50 H&F IDX
EL,Estée Lauder Companies Inc.
ELECTRONIC ARTS,Electronic Arts Inc.
ELI LILLY,Eli Lilly and Company
Eli Lilly & Co,Eli Lilly and Company
ELV,Elevance Health Inc.
EMBRACER,Embracer Group AB
E-MINI NASDAQ-100 FUTURES,E-MINI NASDAQ-100 FUTURES
ENDESA,Endesa S.A.
ENEL,Enel S.p.A.
ENGI,Engie SA
ENGIE,Engie SA
ENI,Eni S.p.A.
ENL,Enel S.p.A.
ENPH,Enphase Energy Inc.
ENPHASE,Enphase Energy Inc.
ENPHASE ENE,Enphase Energy Inc.
ENR,Entergy Corporation
EOAN,E.ON SE
EON,E.ON SE
EQUIN,Equinix Inc.
ERG,ERG S.p.A.
ES50,ES50
ESAP,"Enel S.p.A. (ESAP can be Enel Américas, context of Enel suggests this mapping for simplicity or it's specific product)"
ESSILOR,EssilorLuxottica SA
ESSILORLUXOTTICA,EssilorLuxottica SA
ESTEE LAUDER,Estée Lauder Companies Inc.
Estee Lauder Cos Inc,Estée Lauder Companies Inc.
ESTEELAU,Estée Lauder Companies Inc.
ESTOXX 50,ESTOXX 50
ESTOXX BAN,ESTOXX BAN
ESTOXX BANKS,ESTOXX BANKS
ESTOXX SEL DIV 30,ESTOXX SEL DIV 30
ESTOXXSELDIV30,ESTOXXSELDIV30
ESTX Aut and Prt EUR (Price),ESTX Aut and Prt EUR (Price)
ESX BANKS,ESX BANKS
ESX UTIL,ESX UTIL
ESXB,ESXB
ESXX BANK,ESXX BANK
EUR,EUR
EUR 3M,EUR 3M
EUR CMS 1Y,EUR CMS 1Y
EUR STX 50 ESG,EUR STX 50 ESG
EURIBOR 3 MESI,EURIBOR 3 MESI
EURIBOR 3M,EURIBOR 3M
EURIBOR 6M,EURIBOR 6M
EURIBOR(3M),EURIBOR(3M)
EURIBOR3M,EURIBOR3M
EURNEXT CORE EUR&GLBL CLIM CHG EW DEC 5%,EURNEXT CORE EUR&GLBL CLIM CHG EW DEC 5%
EURNEXT EUR LARGE CAP BIODIVE LEAD 30 DE,EURNEXT EUR LARGE CAP BIODIVE LEAD 30 DE
EURO BTP FUTURE,EURO BTP FUTURE
EURO BUXL FUTURE,EURO BUXL FUTURE
EURO ISTOXX 50 DIGITAL SECURITY TILT NR,EURO ISTOXX 50 DIGITAL SECURITY TILT NR
EURO ISTOXX 50 ESG NR DECREMENT 4.75%,EURO ISTOXX 50 ESG NR DECREMENT 4.75%
EURO ISTOXX 50 FUTURE HEALTHCARE TILT NR,EURO ISTOXX 50 FUTURE HEALTHCARE TILT NR
EURO ISTOXX 50 FUTURES LEVERAGE LONG 7X,EURO ISTOXX 50 FUTURES LEVERAGE LONG 7X
EURO ISTOXX 50 LOW CARBON NR DECREMENT,EURO ISTOXX 50 LOW CARBON NR DECREMENT
EURO ISTOXX 50 SHARING ECONOMY TILTED NR,EURO ISTOXX 50 SHARING ECONOMY TILTED NR
EURO ISTOXX BANKS FUTURES LEVERAGE SHORT,EURO ISTOXX BANKS FUTURES LEVERAGE SHORT
EURO ISTOXX ESG LEADERS 50 NR DECREMENT,EURO ISTOXX ESG LEADERS 50 NR DECREMENT
EURO ISTOXX MEGATRENDS SELECT 30 NR DECR,EURO ISTOXX MEGATRENDS SELECT 30 NR DECR
EURO ISTOXX OCEAN CARE 40 NR DECR 3.5%,EURO ISTOXX OCEAN CARE 40 NR DECR 3.5%
EURO ISTOXX50 ARTIFICIAL INTEL TILTED NR,EURO ISTOXX50 ARTIFICIAL INTEL TILTED NR
EURO ISTOXX50 BROAD INFRASTRUCT NR DECR,EURO ISTOXX50 BROAD INFRASTRUCT NR DECR
EURO ISTOXX50 ELECTRIC VEHICLES TILTED N,EURO ISTOXX50 ELECTRIC VEHICLES TILTED N
EURO ISTOXX50 RECOVERY TILTED NR DEC 5%,EURO ISTOXX50 RECOVERY TILTED NR DEC 5%
EURO STOXX 50,EURO STOXX 50
EURO STOXX 50 Daily Lev 7,EURO STOXX 50 Daily Lev 7
EURO STOXX 50 EUR Net Return Index,EURO STOXX 50 EUR Net Return Index
EURO STOXX 50 GROSS RETURN,EURO STOXX 50 GROSS RETURN
EURO STOXX AUTOMOBILES & PARTS GROSS RET,EURO STOXX AUTOMOBILES & PARTS GROSS RET
EURO STOXX Banks,EURO STOXX Banks INDEX
EURO STOXX BANKS EUR (GROSS RETURN),EURO STOXX BANKS EUR (GROSS RETURN)
EURO STOXX BANKS INDEX,EURO STOXX Banks INDEX
EURO STOXX ESG-X SELECT DIVIDEND 30,EURO STOXX ESG-X SELECT DIVIDEND 30
EURO STOXX Insurance,EURO STOXX Insurance
EURO STOXX OIL&GAS,EURO STOXX OIL&GAS
Euronext Eurozone Div & Gov 40EW DEC5%,Euronext Eurozone Div & Gov 40EW DEC5%
EURONEXT EUROZONE ESG 40 EW DECREMENT 5%,EURONEXT EUROZONE ESG 40 EW DECREMENT 5%
EUROSTOXX 50,EUROSTOXX 50
EUROSTOXX BANK FUTURE,EUROSTOXX BANK FUTURE
EUROSTOXX BANK TRN,EUROSTOXX BANK TRN
EUROSTOXX BANKS,EUROSTOXX BANKS
Eurostoxx Oil & Gas,Eurostoxx Oil & Gas
EUROSTOXX SEL DIV30,EUROSTOXX SEL DIV30
EUROSTOXX SELDIV 30,EUROSTOXX SELDIV 30
Eurostoxx Utilities,Eurostoxx Utilities
EUROSTOXX50,EUROSTOXX50
EUROSTOXX50 Daily Short 7,EUROSTOXX50 Daily Short 7
EUROSTOXXBANK,EUROSTOXXBANK
EUROSTOXXSELECTDIVI30,EUROSTOXXSELECTDIVI30
EURSTXXSELECTDIVIDEND30,EURSTXXSELECTDIVIDEND30
EURTRY EXCHANGE RATE,EURTRY EXCHANGE RATE
EURZAR EXCHANGE RATE,EURZAR EXCHANGE RATE
EUSX BANKS,EUSX BANKS
EWZ,EWZ
EWZ UP,EWZ UP
EXELON CORP,Exelon Corporation
Exor Nv,Exor N.V.
EXPEDIA,Expedia Group Inc.
EXXON,ExxonMobil Corporation
EXXON MOBIL,ExxonMobil Corporation
EXXON MOBILE,ExxonMobil Corporation
F,Ford Motor Company
F LOCKER,Foot Locker Inc.
FASTLY,Fastly Inc.
"FASTLY, INC. - CLASS A",Fastly Inc.
FBK,Meta Platforms Inc.
FEDEX CORP,FedEx Corporation
FER,Ferrari N.V.
FERRAGA,Salvatore Ferragamo S.p.A.
FERRAGAMO,Salvatore Ferragamo S.p.A.
FERRARI,Ferrari N.V.
FERRARI IT,Ferrari N.V.
FIBERCOP,FiberCop S.p.A.
FINCANTIERI,Fincantieri S.p.A.
FINECO,FinecoBank S.p.A.
FINECO FUND II,FINECO FUND II
FINECOBANK,FinecoBank S.p.A.
FinecoBank Banca,FinecoBank S.p.A.
FIRST SOLAR,First Solar Inc.
FIRST SOLUTIONS AI GLOBAL EQUITY INDEX,FIRST SOLUTIONS AI GLOBAL EQUITY INDEX
FIRST SOLUTIONS CED DYNAMIC ALLOCATION I,FIRST SOLUTIONS CED DYNAMIC ALLOCATION I
FIRST SOLUTIONS MULTI THEMATIC TRENDS IN,FIRST SOLUTIONS MULTI THEMATIC TRENDS IN
FL,Foot Locker Inc.
FME,Fresenius Medical Care AG & Co. KGaA
FMIB,FMIB
FNV,Franco-Nevada Corporation (FNV is a gold royalty/streaming company)
FOOT,Foot Locker Inc.
FOOT LOCKER,Foot Locker Inc.
FORD,Ford Motor Company
FORD MOTOR,Ford Motor Company
FORD MOTORS,Ford Motor Company
FORT,Fortum Oyj
FORTINET,Fortinet Inc.
FORTUM,Fortum Oyj
FRAMONT GLOBAL TOTAL RETURN INDEX,FRAMONT GLOBAL TOTAL RETURN INDEX
FREE,Iliad S.A. (Free is Iliad's brand)
FRESH,HelloFresh SE
FSLR,First Solar Inc.
FTBRENT,FTBRENT
FTMIB,FTMIB
FTSE 100,FTSE 100
FTSE 100 NET TAX IND,FTSE 100 NET TAX IND
FTSE MIB,FTSE MIB
FTSE MIB BANKS 15% CAPPED TR IDX,FTSE MIB BANKS 15% CAPPED TR IDX
FTSE MIB BANKS15%CNT,FTSE MIB BANKS15%CNT
FTSE MIB DAILY FUTURES LEVERAGE LONG 7X,FTSE MIB DAILY FUTURES LEVERAGE LONG 7X
FTSE MIB DAILY FUTURES LEVERAGE SHORT 7X,FTSE MIB DAILY FUTURES LEVERAGE SHORT 7X
FTSE MIB FUTURE,FTSE MIB FUTURE
FTSE MIB GROSS TR,FTSE MIB GROSS TR
FTSE MIB INDEX,FTSE MIB INDEX
FTSE MIB NET TOTAL RETURN IDX,FTSE MIB NET TOTAL RETURN IDX
FTSE100,FTSE100
FTSEMIB,FTSEMIB
FTWTI,FTWTI
FUTURE SU BTP,FUTURE SU BTP
FUTURE SU OAT,FUTURE SU OAT
FXI,FXI
FXI UP,FXI UP
G,Assicurazioni Generali S.p.A.
G MILLS,General Mills Inc.
GAME,GameStop Corp.
GAMESTOP,GameStop Corp.
GBP,GBP
GEAEROS,GE Aerospace
GEN,Assicurazioni Generali S.p.A.
GEN MOTO,General Motors Company
GENER,Assicurazioni Generali S.p.A.
GENERAL,Assicurazioni Generali S.p.A.
GENERAL MOTORS,Assicurazioni Generali S.p.A.
GENERALI,Assicurazioni Generali S.p.A.
GEVERNO,GE Vernova
GLAXO,GSK plc
GLAXOSMITHKLINE,GSK plc
GLE,Glencore plc
GLENCORE,Glencore plc
GLENCORE PLC,Glencore plc
GLOBAL PAYMENTS,Global Payments Inc.
GOLD,GOLD
GOLD COMEX FUTURE,GOLD COMEX FUTURE
GOLD FUTURE,GOLD FUTURE
GOLDMAN,Goldman Sachs Group Inc.
GOOG,Alphabet Inc.
GOOGL,Alphabet Inc.
GRF,Grifols S.A.
GRIFOLS,Grifols S.A.
GS,Goldman Sachs Group Inc.
GSGCEEH LX,GSGCEEH LX
GSK,GSK plc
HALLIBURTON,Halliburton Company
HANG SE,HANG SE
HANG SENG CHINA E,HANG SENG CHINA E
HANG SENG CHINA ENTERPRISES TR,HANG SENG CHINA ENTERPRISES TR
HANG SENG CHINA ENTR,HANG SENG CHINA ENTR
HANG SENG INDEX,HANG SENG INDEX
HANG SENG TECH,HANG SENG TECH
HAPAG,Hapag-Lloyd AG
Hapag-Lloyd AG,Hapag-Lloyd AG
HC,"HC (Too generic, could be Hilton, Haleon etc.)"
HEALTH CARE,"HEALTH CARE (Sector name, kept as is)"
HEI,Heidelberg Materials AG
HEIDE,Heidelberg Materials AG
HEIDELBERG,Heidelberg Materials AG
HEIN,The Kraft Heinz Company
HEINEKEN,Heineken N.V.
HELLOFR,HelloFresh SE
Hensoldt AG,Hensoldt AG
HER,Hera S.p.A.
HERA,Hera S.p.A.
Hera Spa,Hera S.p.A.
HERMES,Hermès International S.C.A.
HERMES INTL.,Hermès International S.C.A.
HICP INFLATION INDEX,HICP INFLATION INDEX
HITACHI,Hitachi Ltd.
HOLN,Hologic Inc.
HP,HP Inc.
HSCEI,HSCEI
HSCEINH,HSCEINH
HUGO BOSS,Hugo Boss AG
HUGO BOSS AG,Hugo Boss AG
IBE,Iberdrola S.A.
IBERDROLA,Iberdrola S.A.
IBEX 35,IBEX 35
ICE BRENT 07/25,ICE BRENT 07/25
ICE BRENT 08/25,ICE BRENT 08/25
ICE BRENT 09/25,ICE BRENT 09/25
ICE COFFEE FUTURE,ICE COFFEE FUTURE
IFX,Infineon Technologies AG
ILARDO GLOB AMC IDX,ILARDO GLOB AMC IDX
INDA,INDA
INFIN,Infineon Technologies AG
INFINEON,Infineon Technologies AG
INFINEON TECHNOLOGIE,Infineon Technologies AG
Infrastrutture Wireless Italiane SpA,Infrastrutture Wireless Italiane S.p.A.
ING,ING Groep N.V.
INT,Intel Corporation
INT. CONSOL. AIRLINE,International Airlines Group
INTC,Intel Corporation
INTEL,Intel Corporation
INTERMONTE GLOB BRANDS TR AMC IDX,INTERMONTE GLOB BRANDS TR AMC IDX
INTERMONTE ITALIA TOP SEL TR EUR IND AMC,INTERMONTE ITALIA TOP SEL TR EUR IND AMC
Interpump Group SpA,Interpump Group S.p.A.
INTESA,Intesa Sanpaolo S.p.A.
INTESA SANP,Intesa Sanpaolo S.p.A.
INTESA SANPAOLO,Intesa Sanpaolo S.p.A.
INTESASANPAOLO,Intesa Sanpaolo S.p.A.
INVESCO,Invesco Ltd.
IONQ,IonQ Inc.
IONQ INC,IonQ Inc.
ISH7-10ETF,ISH7-10ETF
ISHARES CHINA LARGE CAP ETF,ISHARES CHINA LARGE CAP ETF
ISHARES MSCI CHINA A UCITS ETF USD,ISHARES MSCI CHINA A UCITS ETF USD
ISHARES MSCI INDIA UCITS ETF USD (ACC),ISHARES MSCI INDIA UCITS ETF USD (ACC)
ISHARESCORE MSCI WORLD UCITS ETF ACC,ISHARESCORE MSCI WORLD UCITS ETF ACC
ISHR20ETF,ISHR20ETF
ISHRS 20+Y BOND ETF,ISHRS 20+Y BOND ETF
ISP,Intesa Sanpaolo S.p.A.
ISTOXX AI GLOBAL ARTIFICIAL INTELLIGENCE,ISTOXX AI GLOBAL ARTIFICIAL INTELLIGENCE
ISTOXX CORE EURO & GLOBAL WATER DECR 5%,ISTOXX CORE EURO & GLOBAL WATER DECR 5%
ISTOXX EUROPE 600 ESG-X NR DECREMENT 4.7,ISTOXX EUROPE 600 ESG-X NR DECREMENT 4.7
ISTOXX GLBL PROFITABILITY SELECT 30 EUR,ISTOXX GLBL PROFITABILITY SELECT 30 EUR
ISTOXX GLOBAL ESG DIVIDEND TREND INDEX,ISTOXX GLOBAL ESG DIVIDEND TREND INDEX
ISXX DECR STLA,ISXX DECR STLA
ISXX EU 600 ESGX TITL NR DECR,ISXX EU 600 ESGX TITL NR DECR
ITALGAS,Italgas SpA
Italgas SpA,Italgas SpA
ITALIA X 7 LONG INDEX,ITALIA X 7 LONG INDEX
ITALIA X 7 SHORT INDEX,ITALIA X 7 SHORT INDEX
ITALY CPI FOI EX TOBACCO UNREVISED,ITALY CPI FOI EX TOBACCO UNREVISED
ITRAXX EUROPE SERIES 38,ITRAXX EUROPE SERIES 38
ITRAXX MAIN S38 LINEAR,ITRAXX MAIN S38 LINEAR
IVECO,Iveco Group N.V.
Iveco Group N.V.,Iveco Group N.V.
IXACA086,IXACA086
IXENI055,IXENI055
IXFP264,IXFP264
IXTEF045,IXTEF045
J&J,Johnson & Johnson
JD,JD.com Inc.
JD COM INC,JD.com Inc.
JD.COM,JD.com Inc.
JD.COM ADR,JD.com Inc.
JD.COM INC,JD.com Inc.
Jinkosolar Holding Co Ltd,JinkoSolar Holding Co. Ltd.
JOHNSON,Johnson & Johnson
JOHNSON   JOHNSON,Johnson & Johnson
JOHNSON&JOHN,Johnson & Johnson
JOHSNON,Johnson & Johnson
JP MORGAN CHASE CO,JPMorgan Chase & Co.
JPM,JPMorgan Chase & Co.
JPY,JPY
JSTEAT,JSTEAT
JULIUS,Julius Bär Gruppe AG
JULIUS BAR,Julius Bär Gruppe AG
Juventus FC SpA,Juventus F.C. S.p.A.
K+S,K+S AG
KER,Kering SA
KERING,Kering SA
KINROSS,Kinross Gold Corporation
KKR & CO,KKR & Co. Inc.
KO,The Coca-Cola Company
KON PHILIPS,Koninklijke Philips N.V.
KONINKLE,Koninklijke Philips N.V.
KONINKLIJKE PHILI,Koninklijke Philips N.V.
KOSPI 200 INDEX,KOSPI 200 INDEX
KRAFT HEINZ,The Kraft Heinz Company
KUENHE,Kuehne + Nagel International AG
KWEB,KWEB
LAM,Lam Research Corporation
LBMA GOLD PRICE,LBMA GOLD PRICE
LBMA Gold Price PM,LBMA Gold Price PM
LDO,Leonardo S.p.A.
Lenovo Group Limited,Lenovo Group Limited
LEO,Leonardo S.p.A.
LEO ALPH BOND CO IDX,LEO ALPH BOND CO IDX
LEO BLUE ECONOMY IDX,LEO BLUE ECONOMY IDX
LEO EU HY BOND FUNDS 4% INDEX,LEO EU HY BOND FUNDS 4% INDEX
LEO GLOB HY BOND IDX,LEO GLOB HY BOND IDX
LEO GLOBAL EQUITY HI INDEX,LEO GLOBAL EQUITY HI INDEX
LEONARDO,Leonardo S.p.A.
Leonardo SpA,Leonardo S.p.A.
LEONTEQ CHINA MULTI ASSET 10%RC INDEX,LEONTEQ CHINA MULTI ASSET 10%RC INDEX
LEONTEQ ER INDEX GS INDIA FUND,LEONTEQ ER INDEX GS INDIA FUND
LEONTEQ MULTI ASSET ETF 6%RC INDEX,LEONTEQ MULTI ASSET ETF 6%RC INDEX
LevDAX x7 (TR),LevDAX x7 (TR)
LHA,Deutsche Lufthansa AG
LI AUTO,Li Auto Inc.
LI AUTO ADR,Li Auto Inc.
LILLY,Eli Lilly and Company
LLY,Eli Lilly and Company
LOGITECH,Logitech International S.A.
LOREAL,L'Oréal S.A.
L'OREAL,L'Oréal S.A.
LOTTOMATICA GROUP,Lottomatica Group S.p.A.
LQ RUN TR IDX AMC,LQ RUN TR IDX AMC
LUCID,Lucid Group Inc.
LUFT,Deutsche Lufthansa AG
LUFTHANSA,Deutsche Lufthansa AG
LUFTHANSA AG,Deutsche Lufthansa AG
LUXOTTICA,EssilorLuxottica SA
LVMH,LVMH Moët Hennessy Louis Vuitton SE
LVMH MOET HENNESSY LOUIS VUITTON,LVMH Moët Hennessy Louis Vuitton SE
LYFT INC,Lyft Inc.
MACYS,Macy's Inc.
MACY'S,Macy's Inc.
MAERSK B,A.P. Møller - Mærsk A/S
MAIRE,Maire Tecnimont S.p.A.
MARA,Marathon Digital Holdings Inc.
MARATHON DIGITAL,Marathon Digital Holdings Inc.
MARVELL,Marvell Technology Inc.
MARVELL TECHNOLOGY,Marvell Technology Inc.
MASTERCARD,Mastercard Incorporated
MASTERCARD INC,Mastercard Incorporated
MB,Mediobanca S.p.A.
M-BENZ,Mercedes-Benz Group AG
MBG,Mercedes-Benz Group AG
MBPS,"MBPS (likely Banca Monte dei Paschi di Siena, but MPS is more common)"
MBSUB,MBSUB
MC,Mastercard Incorporated
MCDNLDS,McDonald's Corporation
MCDON,McDonald's Corporation
MCDONALD,McDonald's Corporation
MEDIAFOREUROPE N.V.,MediaForEurope N.V.
Mediobanca,Mediobanca S.p.A.
MEDTRONIC,Medtronic plc
MEITUAN DIANPING,Meituan
MERC,Mercedes-Benz Group AG
MERCED,Mercedes-Benz Group AG
MERCEDES,Mercedes-Benz Group AG
MERCEDES BENZ,Mercedes-Benz Group AG
MERCEDESBENZ,Mercedes-Benz Group AG
MERCEDES-BENZ,Mercedes-Benz Group AG
Mercedes-Benz Group AG,Mercedes-Benz Group AG
MERCK,Merck & Co. Inc.
Merck & Co Inc,Merck & Co. Inc.
MERCK KGAA,Merck KGaA
META,Meta Platforms Inc.
META PLATFORMS,Meta Platforms Inc.
METLIFE,MetLife Inc.
MIB ESG DECREMENT 5% (EUR - NR),MIB ESG DECREMENT 5% (EUR - NR)
MIB ESG NR,MIB ESG NR
MICRO,Micron Technology Inc.
MICRON,Micron Technology Inc.
MICRON TECHNOLOGY,Micron Technology Inc.
MICRON TECHNOLOGY IN,Micron Technology Inc.
MICROSOFT,Microsoft Corporation
MICROSOFT CORP,Microsoft Corporation
MICROSTRATEGY,MicroStrategy Incorporated
MICROSTRATEGY INC,MicroStrategy Incorporated
MITTAL,ArcelorMittal
MODERNA,Moderna Inc.
Moderna Inc,Moderna Inc.
MON,Moncler S.p.A.
MONC,Moncler S.p.A.
MONCL,Moncler S.p.A.
MONCLER,Moncler S.p.A.
Moncler SpA,Moncler S.p.A.
MOND,Mondelez International Inc.
MP,"MP (Too generic, could be MP Materials, Mediolanum, etc.)"
MPC,Marathon Petroleum Corporation
MPS,Banca Monte dei Paschi di Siena S.p.A.
MRNA,Moderna Inc.
MSCI EM IDX,MSCI EM IDX
MSCI EMERGING MARKETS,MSCI EMERGING MARKETS
MSCI EMERGING MARKETS 9% RISK CONTROL 2%,MSCI EMERGING MARKETS 9% RISK CONTROL 2%
MSCI EMERGING MARKETS DAILY NET TR EUR,MSCI EMERGING MARKETS DAILY NET TR EUR
MSCI EMERGING MARKETS INDEX,MSCI EMERGING MARKETS INDEX
MSCI EMU SEL ESG50 EQWEIGH 5%DEC NET EUR,MSCI EMU SEL ESG50 EQWEIGH 5%DEC NET EUR
MSCI EUR CLIM SEL 50 PARIS ALIGN 5% DECR,MSCI EUR CLIM SEL 50 PARIS ALIGN 5% DECR
MSCI EUROPE SELECT GREEN 50 5% DECREMENT,MSCI EUROPE SELECT GREEN 50 5% DECREMENT
MSCI EURZONE SOCIALSEL30 DEC5% NTREURIND,MSCI EURZONE SOCIALSEL30 DEC5% NTREURIND
MSCI GLBL CLIM CHANGE MULTI-ASSET SELECT,MSCI GLBL CLIM CHANGE MULTI-ASSET SELECT
MSCI GLBL SEL ESG MULTIPLE FACT 4%DECUSD,MSCI GLBL SEL ESG MULTIPLE FACT 4%DECUSD
MSCI HYDRO 4.5%DEC,MSCI HYDRO 4.5%DEC
MSCI TRN WORLD INDEX,MSCI TRN WORLD INDEX
MSCI W QUAL INN S50DEC5%,MSCI W QUAL INN S50DEC5%
MSCI W SECDEF IDX,MSCI W SECDEF IDX
MSCI W SEL FOOD REV IDX,MSCI W SEL FOOD REV IDX
MSCI WOR ESG LEADERS SEL TOP 100 3% DECR,MSCI WOR ESG LEADERS SEL TOP 100 3% DECR
MSCI WOR IMI DIG HEALTH SEL 5% RC EUR,MSCI WOR IMI DIG HEALTH SEL 5% RC EUR
MSCI WOR IMI DIG HEALTH SEL 5% RISKCONTR,MSCI WOR IMI DIG HEALTH SEL 5% RISKCONTR
MSCI WOR TECH SEL ESG TOP 50 5% DECR IDX,MSCI WOR TECH SEL ESG TOP 50 5% DECR IDX
MSCI WORLD (USD NTR),MSCI WORLD (USD NTR)
MSCI WORLD DIVERSIFIED DIV SELECT 50 IND,MSCI WORLD DIVERSIFIED DIV SELECT 50 IND
MSCI WORLD INDEX,MSCI WORLD INDEX
MSCI WORLD SELECT ESG 30 (PRICE EUR) IND,MSCI WORLD SELECT ESG 30 (PRICE EUR) IND
MSCI WORLD SELECT ROBOTICS TIL 3.5% D EU,MSCI WORLD SELECT ROBOTICS TIL 3.5% D EU
MSCIACWI INV MKT INNOV QUAL SUS100SEL 10,MSCIACWI INV MKT INNOV QUAL SUS100SEL 10
MSCIWRLD SEL CLEAN ENERGY INFRAST TILTED,MSCIWRLD SEL CLEAN ENERGY INFRAST TILTED
MSFT,Microsoft Corporation
MSTR,MicroStrategy Incorporated
MT,ArcelorMittal
MU,Micron Technology Inc.
MUENCHENER RUECKVE,Münchener Rückversicherungs-Gesellschaft AG (Munich Re)
MUV2,Münchener Rückversicherungs-Gesellschaft AG (Munich Re)
MXEF,MXEF
MXWO,MXWO
N225,N225
NASDAQ,NASDAQ
NASDAQ 100,NASDAQ 100
NASDAQ 100 TR,NASDAQ 100 TR
NASDAQ TECH EUR NTR 5% ER IDX,NASDAQ TECH EUR NTR 5% ER IDX
NASDAQ100,NASDAQ100
NASDAQ-100,NASDAQ-100
NASDAQ-100 Notional Net Total Return,NASDAQ-100 Notional Net Total Return
NASDAQ-100 TECHNOLOGY SECTOR,NASDAQ-100 TECHNOLOGY SECTOR
NAT GRID,National Grid plc
NATURAL GAS,NATURAL GAS
NATURAL GAS FUTR  Feb25,NATURAL GAS FUTR Feb25
NDA,"NDA (Too generic, could be Nabors, Nordea, etc.)"
NDX,NDX
NEE,NextEra Energy Inc.
NEL ASA,Nel ASA
NEM,Newmont Corporation
NEST,Nestlé S.A.
NESTE,Neste Oyj
NESTLÃˆ,Nestlé S.A.
NESTLE,Nestlé S.A.
NESTLE SA,Nestlé S.A.
NETFLIX,Netflix Inc.
NETFLIX INC,Netflix Inc.
NEW,Newmont Corporation
NEWM,Newmont Corporation
NEWMONT,Newmont Corporation
NEXI,Nexi S.p.A.
NEXT,Next plc
NEXTERA,NextEra Energy Inc.
NEXTERA ENERGY,NextEra Energy Inc.
NEXTGEN BRANDS INDEX,NEXTGEN BRANDS INDEX
NFLX,Netflix Inc.
NIKE,NIKE Inc.
NIKKEI,NIKKEI
NIKKEI 225,NIKKEI 225
NIKKEI 225 NET TOTAL RETURN INDEX,NIKKEI 225 NET TOTAL RETURN INDEX
NIKKEI 225 TOTAL RETURN INDEX,NIKKEI 225 TOTAL RETURN INDEX
NIKKEI225,NIKKEI225
NINTENDO,Nintendo Co. Ltd.
NIO,NIO Inc.
NIO ADR,NIO Inc.
NIO INC,NIO Inc.
NISSAN,Nissan Motor Co. Ltd.
NKE,NIKE Inc.
NKY,NKY
NN,NN Group N.V.
NN GROUP,NN Group N.V.
NOC,Northrop Grumman Corporation
NOKIA,Nokia Oyj
NOKIA OYJ,Nokia Oyj
NORDEX,Nordex SE
Nordex SE,Nordex SE
NORW,Norwegian Cruise Line Holdings Ltd.
NOVART,Novartis AG
NOVARTIS,Novartis AG
NOVAVAX,Novavax Inc.
NOVN,Novartis AG
NOVO,Novo Nordisk A/S
NOVO NORD,Novo Nordisk A/S
NOVO NORDISK,Novo Nordisk A/S
NOVO NORDISK (ADR),Novo Nordisk A/S
NOVO NORDISK B,Novo Nordisk A/S
NOVOB,Novo Nordisk A/S
NUTRIEN LTD,Nutrien Ltd.
NVDA,NVIDIA Corporation
NVID,NVIDIA Corporation
NVIDIA,NVIDIA Corporation
NVIDIA Corp,NVIDIA Corporation
NVO,Novo Nordisk A/S
NXP,NXP Semiconductors N.V.
NYMEX GAS 06/25,NYMEX GAS 06/25
NYMEX GAS 09/25,NYMEX GAS 09/25
NYMEX LS CRUDE 06/25,NYMEX LS CRUDE 06/25
NYMEX LS CRUDE 07/25,NYMEX LS CRUDE 07/25
NYMEX NATURAL GAS FUTURE,NYMEX NATURAL GAS FUTURE
NYMEX WTI CRUDE OIL FUTURE,NYMEX WTI CRUDE OIL FUTURE
NYSE FANG + INDEX,NYSE FANG + INDEX
OAT0%250450 DEM,OAT0%250450 DEM
OCC PETR,Occidental Petroleum Corporation
Oersted A,Ørsted A/S
OIL&GAS,"OIL&GAS (Sector name, kept as is)"
OMX,OMX
OR,L'Oréal S.A.
ORA,Orange S.A.
ORACLE,Oracle Corporation
Oracle Corp,Oracle Corporation
ORANGE,Orange S.A.
ORANGE JUICE FCOJ-A FUTURE,ORANGE JUICE FCOJ-A FUTURE
ORSTED,Ørsted A/S
P911,"Porsche Automobil Holding SE (P911 is Porsche AG, but contextually for Porsche SE or AG)"
PAAS,Pan American Silver Corp.
PACIFIC 600 NR,PACIFIC 600 NR
PAH3,Porsche Automobil Holding SE
PALA,"PALA (Palamina Corp. or similar, specific junior miner, keep as is unless more info)"
PALANT,Palantir Technologies Inc.
PALANTIR,Palantir Technologies Inc.
Palantir Tech Inc,Palantir Technologies Inc.
PALANTIR TECHNOLOGIES,Palantir Technologies Inc.
PALLADIUM,PALLADIUM
PALLADIUM FUTURE,PALLADIUM FUTURE
PALO,Palo Alto Networks Inc.
PALO ALTO,Palo Alto Networks Inc.
PALO ALTO NETWORKS INC,Palo Alto Networks Inc.
PAN AMERICAN SILVER,Pan American Silver Corp.
PANASONIC,Panasonic Corporation
PANASONIC CORP,Panasonic Corporation
PAR,"PAR (Too generic, can be various companies or even Paris stock exchange symbol)"
PARA,Paramount Global
PARAMOUNT,Paramount Global
PATH,UiPath Inc.
PAYPAL,PayPal Holdings Inc.
PayPal Holdings Inc,PayPal Holdings Inc.
PDD,PDD Holdings Inc.
PELOT,Peloton Interactive Inc.
Peloton Interactive INC,Peloton Interactive Inc.
PEPSI,PepsiCo Inc.
PEPSICO,PepsiCo Inc.
PEPSICO INC,PepsiCo Inc.
PERNOD RICARD,Pernod Ricard SA
PERNOD RICARD SA,Pernod Ricard SA
PFE,Pfizer Inc.
PFIZ,Pfizer Inc.
PFIZER,Pfizer Inc.
PFIZER INC,Pfizer Inc.
PIAGGIO & C,Piaggio & C. S.p.A.
PINDUODUO,PDD Holdings Inc.
PINT,Pioneer Natural Resources Company (Acquired by ExxonMobil)
PIRC,Pirelli & C. S.p.A.
PIRELLI,Pirelli & C. S.p.A.
Pirelli & C Ord Shs,Pirelli & C. S.p.A.
PLATINUM,PLATINUM
PLATINUM COMEX FUTURE,PLATINUM COMEX FUTURE
PLTR,Palantir Technologies Inc.
PLUG,Plug Power Inc.
PLUG POW,Plug Power Inc.
PLUG POWER,Plug Power Inc.
PLUG POWER INC,Plug Power Inc.
PORSCH,Porsche AG
PORSCHE,Porsche AG
PORSCHE AG,Porsche AG
PORSCHE AG VZ,Porsche AG
PORSCHE AUTOM,Porsche Automobil Holding SE
PORSCHE AUTOMOBIL,Porsche Automobil Holding SE
POSTE,Poste Italiane S.p.A.
POSTE IT,Poste Italiane S.p.A.
POSTE ITA,Poste Italiane S.p.A.
POSTE ITALIANE,Poste Italiane S.p.A.
Poste Italiane SpA,Poste Italiane S.p.A.
PPAL,PayPal Holdings Inc.
PROCTER & GAMBLE,Procter & Gamble Company
PROSHARES 20+ Y ETF,PROSHARES 20+ Y ETF
PROSHARES 20+Y ETF,PROSHARES 20+Y ETF
PROSHR ETF,PROSHR ETF
PRU,Prudential plc
PRUD,Prudential plc
PRUDENTIAL,Prudential plc
PRY,Prysmian S.p.A.
PRYS,Prysmian S.p.A.
PRYSM,Prysmian S.p.A.
Prysmian,Prysmian S.p.A.
PUMA,Puma SE
PVH,PVH Corp.
PYPL,PayPal Holdings Inc.
QCOMM,Qualcomm Incorporated
QUALC,Qualcomm Incorporated
QUALCOMM,Qualcomm Incorporated
QUALCOMM Inc,Qualcomm Incorporated
R LAUREN,Ralph Lauren Corporation
RACE,Ferrari N.V.
RAIFF,Raiffeisen Bank International AG
RAIFFEI,Raiffeisen Bank International AG
RAIFFEISE,Raiffeisen Bank International AG
RALPH,Ralph Lauren Corporation
RALPH LAUREN,Ralph Lauren Corporation
RALPHL,Ralph Lauren Corporation
RBI,Raiffeisen Bank International AG
REALEST SEL SECT ETF,REALEST SEL SECT ETF
REALREAL,The RealReal Inc.
Recordati Industria Chimica e Farmaceuti,Recordati Industria Chimica e Farmaceutica S.p.A.
REDD,Reddit Inc.
REDDIT,Reddit Inc.
Reddit Inc,Reddit Inc.
RENAU,Renault S.A.
RENAULT,Renault S.A.
RENAULT SA,Renault S.A.
REP,Reply S.p.A.
REPLY,Reply S.p.A.
REPS,Repsol S.A.
REPSOL,Repsol S.A.
REPSOL SM,Repsol S.A.
REPSOL YPF S.A.,Repsol S.A.
REVOLVE,Revolve Group Inc.
RH,RH
RHEIN,Rheinmetall AG
RHEINMET,Rheinmetall AG
RHEINMETALL,Rheinmetall AG
RHM,Rheinmetall AG
RHMG,Rheinmetall AG
RICHEM,Compagnie Financière Richemont SA
RICHEMONT,Compagnie Financière Richemont SA
RIO,Rio Tinto Group
RIO TINTO,Rio Tinto Group
RIOT,Riot Platforms Inc.
RIOTINTO,Rio Tinto Group
RIVIAN,Rivian Automotive Inc.
RIVIAN AUTOMOTIVE,Rivian Automotive Inc.
RL,Ralph Lauren Corporation
RMS,"RMS (Could be various, e.g. Hermes International ticker on some exchanges. Hermes is already listed. Keep as is.)"
RNO,Renault S.A.
ROBINHOOD,Robinhood Markets Inc.
Robinhood Markets Inc,Robinhood Markets Inc.
ROBLOX,Roblox Corporation
ROBLOX Corp,Roblox Corporation
ROCHE,Roche Holding AG
ROCHE HOLDING,Roche Holding AG
ROCHE HOLDING AG,Roche Holding AG
ROLLS ROYCE HOLD,Rolls-Royce Holdings plc
ROYAL,Royal Caribbean Group
ROYAL C,Royal Caribbean Group
RR,Rolls-Royce Holdings plc
RTY,RTY
RUN,RUN AI STRATEG ALLOCATION AMC IND
RUN AI STRATEG ALLOCATION AMC IND,RUN AI STRATEG ALLOCATION AMC IND
RUSS 2000,RUSSELL 2000 INDEX
RUSSELL 2000 INDEX,RUSSELL 2000 INDEX
RWE,RWE AG
RYANAIR,Ryanair Holdings plc
S,"S (Too generic, could be SentinelOne, formerly Sprint, etc.)"
S AND P 500,S&P 500
S&P 500,S&P 500
S&P 500 GROSS TOTAL,S&P 500 GROSS TOTAL
S&P 500 NET TR,S&P 500 NET TR
S&P EUR50 SYN5% IDX,S&P EUR50 SYN5% IDX
S&P EUUSAJAP100 NET02050 PARISALIGNSEL5%,S&P EUUSAJAP100 NET02050 PARISALIGNSEL5%
S&P GLBL CLEAN ENERGY 3.5% DECREMENT IND,S&P GLBL CLEAN ENERGY 3.5% DECREMENT IND
S&P GSCI EXCESS RETURN,S&P GSCI EXCESS RETURN
S&P GSCI GOLD INDEX ER,S&P GSCI GOLD INDEX ER
S&P GSCI INDUSTRIAL METALS (ER) INDEX,S&P GSCI INDUSTRIAL METALS (ER) INDEX
S&P NEXTGENERATIONEU RECOVERY EQU 5% DEC,S&P NEXTGENERATIONEU RECOVERY EQU 5% DEC
S&P TRANS 100 ESGSEL QUALWEIGH 5%DEC IND,S&P TRANS 100 ESGSEL QUALWEIGH 5%DEC IND
S&P500,S&P500
S&P500(NETRETURN)INDEX-EUR,S&P500(NETRETURN)INDEX-EUR
SAAB,Saab AB
SAABB,Saab AB
SAF,Safran S.A.
SAFR,Safran S.A.
SAFRAN,Safran S.A.
SAINT-GOBAIN,Compagnie de Saint-Gobain S.A.
SAIP,Saipem S.p.A.
SAIPEM,Saipem S.p.A.
SALES,Salesforce Inc.
SALESFORCE.COM INC,Salesforce Inc.
SALVATORE FERRAGAMO,Salvatore Ferragamo S.p.A.
Salvatore Ferragamo SpA,Salvatore Ferragamo S.p.A.
SAMSUNG,Samsung Electronics Co. Ltd.
SAMSUNG ELECTRONICS,Samsung Electronics Co. Ltd.
SAMSUNG ELECTRONICS CO LTD,Samsung Electronics Co. Ltd.
SAN,Banco Santander S.A.
SANOFI,Sanofi S.A.
SANOFI-AVENTIS,Sanofi S.A.
SANT,Banco Santander S.A.
SANTANDER,Banco Santander S.A.
SAP,SAP SE
SCHNEIDER,Schneider Electric S.E.
SCHNEIDER ELECTRIC,Schneider Electric S.E.
SD3E,SD3E
SDGP INDEX,SDGP INDEX
SEDG,SolarEdge Technologies Inc.
SESA,Sesa S.p.A.
SFER,Salvatore Ferragamo S.p.A.
SG,Société Générale S.A.
SGO,Compagnie de Saint-Gobain S.A.
SHANGHAI SHENZHEN CSI 300 INDEX,SHANGHAI SHENZHEN CSI 300 INDEX
SHELL,Shell plc
Shell Plc,Shell plc
SHOP,Shopify Inc.
ShortDAX x7 (TR),ShortDAX x7 (TR)
SIE,Siemens AG
SIEM,Siemens AG
SIEMENS,Siemens AG
SIEMENS AG,Siemens AG
SIEMENS ENERGY,Siemens Energy AG
Siemens Energy AG,Siemens Energy AG
SILVER,SILVER
SILVER COMEX FUTURE,SILVER COMEX FUTURE
SILVER FUTURE     Mar25,SILVER FUTURE Mar25
SMART DEF ZC FINECO FUND,SMART DEF ZC FINECO FUND
SMART GLOB DEF ZC FINECO AM,SMART GLOB DEF ZC FINECO AM
SMC,Super Micro Computer Inc.
SMCI,Super Micro Computer Inc.
SMI,SMI
SNAM,Snam S.p.A.
SNAM SPA,Snam S.p.A.
SNAP,Snap Inc.
SNPS,Synopsys Inc.
SOC GEN,Société Générale S.A.
SOCGEN,Société Générale S.A.
SOCIETE GENERALE,Société Générale S.A.
SOCIETEGENER,Société Générale S.A.
SOCIETEGENERALE,Société Générale S.A.
SOFI,SoFi Technologies Inc.
SOL MAGN7EQW CNTR IDX,SOL MAGN7EQW CNTR IDX
SOLACT ADV HUM ROB,SOLACT ADV HUM ROB
SOLACTIVE 5G 14% RISK CONTROL 5% DECREME,SOLACTIVE 5G 14% RISK CONTROL 5% DECREME
SOLACTIVE 5G ESG EUR INDEX 3.5% AR,SOLACTIVE 5G ESG EUR INDEX 3.5% AR
SOLACTIVE 5G TECHNOLOGY PERFORMANCE-INDE,SOLACTIVE 5G TECHNOLOGY PERFORMANCE-INDE
SOLACTIVE ARTIFICIAL INTELLIGENCE PERFOR,SOLACTIVE ARTIFICIAL INTELLIGENCE PERFOR
SOLACTIVE ASIA 30 INDEX 5% AR,SOLACTIVE ASIA 30 INDEX 5% AR
SOLACTIVE BIOENGINEERING 14%RISKCONTROL,SOLACTIVE BIOENGINEERING 14%RISKCONTROL
SOLACTIVE BLOCKCHAIN TECHNOLOGY PERFORMA,SOLACTIVE BLOCKCHAIN TECHNOLOGY PERFORMA
SOLACTIVE CHINA AUTOMOBILE PERFORMANCE,SOLACTIVE CHINA AUTOMOBILE PERFORMANCE
SOLACTIVE CHINA DRAGONS 7 IDX,SOLACTIVE CHINA DRAGONS 7 IDX
SOLACTIVE CLOUD COMPUTING 14% RISK CONTR,SOLACTIVE CLOUD COMPUTING 14% RISK CONTR
SOLACTIVE CYBER SECUR 15% RISK CONTROL 4,SOLACTIVE CYBER SECUR 15% RISK CONTROL 4
SOLACTIVE CYBER SECURITY TECH 3.5% DECR,SOLACTIVE CYBER SECURITY TECH 3.5% DECR
SOLACTIVE CYBER SECURITY TECHNOLOGY DECR,SOLACTIVE CYBER SECURITY TECHNOLOGY DECR
SOLACTIVE DIG ENTERTA 14%RISK CONTROL 5%,SOLACTIVE DIG ENTERTA 14%RISK CONTROL 5%
SOLACTIVE ECCELLENZE EU16% RISK CONTROL,SOLACTIVE ECCELLENZE EU16% RISK CONTROL
SOLACTIVE ESG BIGDATA EUR LOWVOLAT AR 5%,SOLACTIVE ESG BIGDATA EUR LOWVOLAT AR 5%
SOLACTIVE EU AERO-DEFE INDEX,SOLACTIVE EU AERO-DEFE INDEX
SOLACTIVE EU HIGH DIV LOW VOL PERF,SOLACTIVE EU HIGH DIV LOW VOL PERF
Solactive Europe & US Top Ph 2020 AR 5%,Solactive Europe & US Top Ph 2020 AR 5%
Solactive European Deep Value Select 50,Solactive European Deep Value Select 50
SOLACTIVE EURPE AND UNTSTATES TECH 30/70,SOLACTIVE EURPE AND UNTSTATES TECH 30/70
SOLACTIVE GLBL UN SUST DEVELOPMENT GOALS,SOLACTIVE GLBL UN SUST DEVELOPMENT GOALS
SOLACTIVE HOME STAYING TECH 20 AR 5% IND,SOLACTIVE HOME STAYING TECH 20 AR 5% IND
SOLACTIVE HYDROGEN ESG EUR INDEX,SOLACTIVE HYDROGEN ESG EUR INDEX
SOLACTIVE HYDROGEN ESG EUR INDEX 3.5% AR,SOLACTIVE HYDROGEN ESG EUR INDEX 3.5% AR
SOLACTIVE HYDROGEN TOP SELECTION I (NTR),SOLACTIVE HYDROGEN TOP SELECTION I (NTR)
SOLACTIVE LUXURY 2021 DECREMENT 5% INDEX,SOLACTIVE LUXURY 2021 DECREMENT 5% INDEX
SOLACTIVE MAGNIFICENT 7 EW GTR,SOLACTIVE MAGNIFICENT 7 EW GTR
SOLACTIVE MEDICAL ROBOTICS INDEX,SOLACTIVE MEDICAL ROBOTICS INDEX
SOLACTIVE NORTH AMERICA HYDROGEN INDEX C,SOLACTIVE NORTH AMERICA HYDROGEN INDEX C
SOLACTIVE SEMICONDUCTOR 16% RC 4% DEC,SOLACTIVE SEMICONDUCTOR 16% RC 4% DEC
SOLACTIVE SEMICONDUCTOR EQUIP 21 AR5%IND,SOLACTIVE SEMICONDUCTOR EQUIP 21 AR5%IND
Solactive Space Technology Idx,Solactive Space Technology Idx
SOLACTIVE TRANSATL BIO SCREE 150 DECR 50,SOLACTIVE TRANSATL BIO SCREE 150 DECR 50
SOLACTIVE US PHARMA 10% RISK CONTROL 3%,SOLACTIVE US PHARMA 10% RISK CONTROL 3%
SOLAR,"SOLAR (Too generic, could be First Solar, Sunrun, etc.)"
SOLAREDGE,SolarEdge Technologies Inc.
SOLAREDGE TECHNOLOGIES,SolarEdge Technologies Inc.
SONY (TOKYO),Sony Group Corporation
SONY GROUP,Sony Group Corporation
SOUND AI,SoundHound AI Inc.
SOUNDHOUN,SoundHound AI Inc.
SOUTH AIR,Southwest Airlines Co.
SP500,SP500
SPDR GOLD TRUST,SPDR GOLD TRUST
SPLUNK,Splunk Inc.
SPM,Saipem S.p.A.
SPOT,Spotify Technology S.A.
SPOTIFY,Spotify Technology S.A.
SPOTIFY TECHNOLOGY SA,Spotify Technology S.A.
SPX,Euro Stoxx 50
SQ,Block Inc.
SREN,Swiss Re Ltd.
SRG,Swiss Re Ltd.
SRUN,Sunrun Inc.
STARBUCKS,Starbucks Corporation
STELL,Stellantis N.V.
STELLANT,Stellantis N.V.
STELLANTIS,Stellantis N.V.
STELLANTIS FR,Stellantis N.V.
STELLANTIS IT,Stellantis N.V.
STELLANTIS NV,Stellantis N.V.
STLA,Stellantis N.V.
STLA FR,Stellantis N.V.
STLA IT,Stellantis N.V.
STLAM,Stellantis N.V.
STLAMI,Stellantis N.V.
STLAMMI,Stellantis N.V.
STM,STMicroelectronics N.V.
STM FR,STMicroelectronics N.V.
STM IT,STMicroelectronics N.V.
STM MI,STMicroelectronics N.V.
STM NV,STMicroelectronics N.V.
STM NY,STMicroelectronics N.V.
STMICROELECTRON,STMicroelectronics N.V.
STMICROELECTRONIC,STMicroelectronics N.V.
STMICROELECTRONICS,STMicroelectronics N.V.
STMICROELECTRONICS FR,STMicroelectronics N.V.
STMICROELECTRONICS IT,STMicroelectronics N.V.
STMMI,STMicroelectronics N.V.
STMPA,STMicroelectronics N.V.
STOXX 600 AUTO&P,STOXX 600 AUTO&P
STOXX 600 HEALTH,STOXX 600 HEALTH
STOXX 600 INDEX,STOXX 600 INDEX
STOXX 600 OIL & GAS,STOXX 600 OIL & GAS
STOXX ASIA,STOXX ASIA
STOXX EU600 AUTO&PAR,STOXX EU600 AUTO&PAR
STOXX Europe 600 Basic Resources,STOXX Europe 600 Basic Resources
STOXX Europe 600 Health Care,STOXX Europe 600 Health Care
STOXX Europe 600 Insurance,STOXX Europe 600 Insurance
STOXX Europe 600 Oil & Gas,STOXX Europe 600 Oil & Gas
STOXX Europe 600 Technology,STOXX Europe 600 Technology
STOXX Europe 600 Utilities,STOXX Europe 600 Utilities
STOXX EUROPE ESG LEADERS SELECT 30 (EUR,STOXX EUROPE ESG LEADERS SELECT 30 (EUR
STOXX EUROPE SELECT DIVIDEND 30,STOXX EUROPE SELECT DIVIDEND 30
STOXX EUROPE SUSTAINABILITY SELECT30 NR,STOXX EUROPE SUSTAINABILITY SELECT30 NR
STOXX EURPE ESG ENVIRONMENTAL LEAD SEL30,STOXX EURPE ESG ENVIRONMENTAL LEAD SEL30
STOXX EURPE SUSTAINABILITY SELECT 30 IND,STOXX EURPE SUSTAINABILITY SELECT 30 IND
STOXX Global ESG Leaders Select 50 EUR,STOXX Global ESG Leaders Select 50 EUR
STOXX GLOBAL INFRASTRUCTURE SELECT 30 (E,STOXX GLOBAL INFRASTRUCTURE SELECT 30 (E
STOXX Global Select Div 100 Eur,STOXX Global Select Div 100 Eur
STOXX600ESGXFNTNRDCR,STOXX600ESGXFNTNRDCR
STOXXEU 600 Auto Parts,STOXXEU 600 Auto Parts
STX Eur 600 ESG-X Pr EUR Idx,STX Eur 600 ESG-X Pr EUR Idx
SUGAR FUTURE,SUGAR FUTURE
SUN,Sunnova Energy International Inc.
SUNNOVA,Sunnova Energy International Inc.
SUNNOVA ENERGY,Sunnova Energy International Inc.
SUNRUN,Sunrun Inc.
SUNRUN INC,Sunrun Inc.
Super Micro Computer,Super Micro Computer Inc.
SW,Swatch Group AG
SWA,"SWA (Southwest Airlines, or generic for swap. LUV is Southwest. Keep SWA)"
SWATCH,Swatch Group AG
SWATCH N,Swatch Group AG
SWISS,SWISS
SWISS MARKET INDEX,SWISS MARKET INDEX
SWISS RE,Swiss Re Ltd.
SWISSMARKET,SWISSMARKET
SX5,SX5
SX50,SX50
SX5E,SX5E
SX6E,SX6E
SX6P,SX6P
SX7E,SX7E
SX7P,SX7P
SX8P,SX8P
SXAP,SXAP
SXDP,SXDP
SXE,SXE
SXEE,SXEE
SXEP,SXEP
SXP,SXP
SXPP,SXPP
SYMBOTIC,Symbotic Inc.
SYNOPS,Synopsys Inc.
Synopsys,Synopsys Inc.
T,AT&T Inc.
T ROWE PRICE,T. Rowe Price Group Inc.
TAIWAN,Taiwan Semiconductor Manufacturing Company Limited
TAIWAN SC,Taiwan Semiconductor Manufacturing Company Limited
TAIWAN SEMICONDUCTOR,Taiwan Semiconductor Manufacturing Company Limited
TAKETWO INTERACTIVE SOFT,Take-Two Interactive Software Inc.
Take-Two Interactive Software,Take-Two Interactive Software Inc.
TAP,Molson Coors Beverage Company
TDK,TDK Corporation
TECHNOGYM S.P.A.,Technogym S.p.A.
TELECOM,Telecom Italia S.p.A.
TELECOM IT,Telecom Italia S.p.A.
TELECOM ITA,Telecom Italia S.p.A.
TELECOM ITALIA,Telecom Italia S.p.A.
TELECOMITA,Telecom Italia S.p.A.
TELEFONI,Telefónica S.A.
TELEFONICA,Telefónica S.A.
TEN,Tenaris S.A.
TENA,Tenaris S.A.
TENAR,Tenaris S.A.
TENARIS,Tenaris S.A.
TENARIS SA,Tenaris S.A.
TENCENT,Tencent Holdings Ltd.
TERNA,Terna S.p.A. - Rete Elettrica Nazionale
Terna Rete Elettrica Nazionale SpA,Terna S.p.A. - Rete Elettrica Nazionale
TESCO,Tesco PLC
TESLA,Tesla Inc.
TESLA INC,Tesla Inc.
TEVA,Teva Pharmaceutical Industries Ltd.
TEXAS INSTRUMENTS,Texas Instruments Incorporated
THAL,Thales S.A.
THALES,Thales S.A.
THE ERA OF ROBOTICS INDEX,THE ERA OF ROBOTICS INDEX
THE FINANCIAL SELECT SECTOR SPDR ETF,THE FINANCIAL SELECT SECTOR SPDR ETF
THE HEALTH CARE SELECT SECTOR SPDR ETF,THE HEALTH CARE SELECT SECTOR SPDR ETF
The Kraft Heinz Company,The Kraft Heinz Company
THE MATERIALS SELECT SECTOR SPDR ETF,THE MATERIALS SELECT SECTOR SPDR ETF
THE WALT DISNEY,The Walt Disney Company
THEAM QUANT EQU EURPE CLIM CARE I FUND,THEAM QUANT EQU EURPE CLIM CARE I FUND
THEAM QUANT EQUITY EU DISTRIB 4% FUND,THEAM QUANT EQUITY EU DISTRIB 4% FUND
THEAM QUANT WOR CLIM CARBOFFSETPLAN FUND,THEAM QUANT WOR CLIM CARBOFFSETPLAN FUND
THEMATIC ETF BASKET,THEMATIC ETF BASKET
THERMO FISHER SCIENTIFIC,Thermo Fisher Scientific Inc.
THYSSENKRUPP AG,Thyssenkrupp AG
TIT,Telecom Italia S.p.A.
TKA,Thyssenkrupp AG
TKAG,Thyssenkrupp AG
TMF UP,TMF UP
TN 30Y FUTURE,TN 30Y FUTURE
TOKYO ELEC,Tokyo Electron Limited
TOKYO STOCK PRICE INDEX,TOKYO STOCK PRICE INDEX
TOTAL,TotalEnergies SE
TotalEnergies,TotalEnergies SE
TPR,Tapestry Inc.
TRIP,Tripadvisor Inc.
TRIPADVISOR,Tripadvisor Inc.
TRUMP MEDIA & TECH,Trump Media & Technology Group Corp.
TSLA,Tesla Inc.
TSM,Taiwan Semiconductor Manufacturing Company Limited
TTE,TotalEnergies SE
TTEF,TotalEnergies SE
TUI,TUI AG
TUI AG,TUI AG
TWILIO,Twilio Inc.
UAL,United Airlines Holdings Inc.
UBER,Uber Technologies Inc.
Uber Technologies Inc (UBER),Uber Technologies Inc.
UBI,UBI Banca (Part of Intesa Sanpaolo Group)
UBISOFT,Ubisoft Entertainment SA
UBS,UBS Group AG
UBS CMCI COMPOSITE USD EXCESS RETURN IND,UBS CMCI COMPOSITE USD EXCESS RETURN IND
UBS CMCI PRECIOUS METALS USD EXC RTN IND,UBS CMCI PRECIOUS METALS USD EXC RTN IND
UBSG,UBS Group AG
UBT,UBT (UBS Group AG ticker on some exchanges)
UC EU QUINTESSENCE INDEX,UC EU QUINTESSENCE INDEX
UC EUROPEAN ESSENCE (PRICE) INDEX,UC EUROPEAN ESSENCE (PRICE) INDEX
UC NEXT GENERATION ENERGY INDEX,UC NEXT GENERATION ENERGY INDEX
UCG,UniCredit S.p.A.
UCGSUB,UCGSUB
UIPATH,UiPath Inc.
UKX,UKX
UNA,Unilever PLC
UNDER ARM,Under Armour Inc.
UNDER ARMOUR,Under Armour Inc.
UNDER ARMOUR A,Under Armour Inc.
UNH,UnitedHealth Group Incorporated
UNICREDIT,UniCredit S.p.A.
UNILEVER,Unilever PLC
UNIPOL,Unipol Gruppo S.p.A.
UNITED,United Airlines Holdings Inc.
UNITED AIR,United Airlines Holdings Inc.
UNITED PARCEL SERVICE,United Parcel Service Inc.
UNITEDHEAL,UnitedHealth Group Incorporated
UnitedHealth Group Inc,UnitedHealth Group Incorporated
Unity Software,Unity Software Inc.
UNSOFTW,Unity Software Inc.
US STRIPS (02/2054),US STRIPS (02/2054)
US T-BOND 12/23,US T-BOND 12/23
US UNTRAD FIN IND CO,US UNTRAD FIN IND CO
USD,USD
USD(BBG),USD(BBG)
UT,Unity Software Inc.
UTILITIES,"UTILITIES (Sector name, kept as is)"
VALE,Vale S.A.
VALEO,Valeo SE
VALERO,Valero Energy Corporation
VALORI SICAV GLOB FLEX BOND FUND,VALORI SICAV GLOB FLEX BOND FUND
VanEck Defense UCITS ETF,VanEck Defense UCITS ETF
VEO,Veolia Environnement S.A.
VEOLIA,Veolia Environnement S.A.
VEOLIA ENV,Veolia Environnement S.A.
VEOLIA ENVIRON,Veolia Environnement S.A.
VEOLIA ENVIRONNEMENT,Veolia Environnement S.A.
VER,Verbund AG
VERBUND,Verbund AG
VESTAS,Vestas Wind Systems A/S
VESTAS WIND,Vestas Wind Systems A/S
VF,VF Corporation
VIATRIS,Viatris Inc.
VICTORIAS SECR,Victoria's Secret & Co.
VICTORIAS SECRET,Victoria's Secret & Co.
VIE,Vinci SA
VINCI,Vinci SA
VIPSHOP H LIMITED ADR,Vipshop Holdings Limited
VISA,Visa Inc.
Vistra Corp,Vistra Corp.
VIX CBOE Future,VIX CBOE Future
VODA,Vodafone Group Plc
VODAFONE,Vodafone Group Plc
VODAFONE GROUP,Vodafone Group Plc
VOLKS,Volkswagen AG
VOLKSWAGEN,Volkswagen AG
VOLKSWAGEN AG,Volkswagen AG
VOLKSWAGEN PREF,Volkswagen AG
VON FIRST SOL CRED AMC IDX,VON FIRST SOL CRED AMC IDX
Vonovia SE,Vonovia SE
Vont 1X L FVS1,Vont 1X L FVS1
Vont 1X L UX1,Vont 1X L UX1
Vont 2X L COIN,Vont 2X L COIN
Vont 2X L FCA,Vont 2X L FCA
Vont 2X S FVS1,Vont 2X S FVS1
Vont 2X S ISP,Vont 2X S ISP
Vont 2X S UX1,Vont 2X S UX1
Vont 3X L BABAUN V3,Vont 3X L BABAUN V3
Vont 3X L CO1 V2,Vont 3X L CO1 V2
Vont 3X L COCOA FT,Vont 3X L COCOA FT
Vont 3X L COCOA FT V2,Vont 3X L COCOA FT V2
Vont 3X L COIN V2,Vont 3X L COIN V2
Vont 3X L CT1,Vont 3X L CT1
Vont 3X L FVS1 V5,Vont 3X L FVS1 V5
Vont 3X L GOOG V3,Vont 3X L GOOG V3
Vont 3X L INDU,Vont 3X L INDU
Vont 3X L KC1,Vont 3X L KC1
Vont 3X L LDO V14,Vont 3X L LDO V14
Vont 3X L MIB,Vont 3X L MIB
Vont 3X L NDX,Vont 3X L NDX
Vont 3X L NG1 V3,Vont 3X L NG1 V3
Vont 3X L NG1 V4,Vont 3X L NG1 V4
Vont 3X L NVDA V2,Vont 3X L NVDA V2
Vont 3X L STLA,Vont 3X L STLA
Vont 3X L STM,Vont 3X L STM
Vont 3X L VIX V5,Vont 3X L VIX V5
Vont 3X L XAG V2,Vont 3X L XAG V2
Vont 3X L XAU,Vont 3X L XAU
Vont 3X S AMZN V4,Vont 3X S AMZN V4
Vont 3X S CC1 V4,Vont 3X S CC1 V4
Vont 3X S CL1 V7,Vont 3X S CL1 V7
Vont 3X S COCOA FT,Vont 3X S COCOA FT
Vont 3X S DAX V2,Vont 3X S DAX V2
Vont 3X S KC1 V2,Vont 3X S KC1 V2
Vont 3X S MIB,Vont 3X S MIB
Vont 3X S NAS V2,Vont 3X S NAS V2
Vont 3X S NETFLIX V6,Vont 3X S NETFLIX V6
Vont 3X S NG1 V2,Vont 3X S NG1 V2
Vont 3X S NVIDIA V5,Vont 3X S NVIDIA V5
Vont 3X S SPX,Vont 3X S SPX
Vont 3X S SX5E,Vont 3X S SX5E
Vont 3X S TSLA V7,Vont 3X S TSLA V7
Vont 3X S VIX V5,Vont 3X S VIX V5
Vont 4X L COIN V3,Vont 4X L COIN V3
Vont 4X L VIX V5,Vont 4X L VIX V5
Vont 4X L VIX V7,Vont 4X L VIX V7
Vont 4X S MIB,Vont 4X S MIB
Vont 4X S VIX V7,Vont 4X S VIX V7
Vont 5X L AAPL V6,Vont 5X L AAPL V6
Vont 5X L BABA V5,Vont 5X L BABA V5
Vont 5X L BIDU V7,Vont 5X L BIDU V7
Vont 5X L BRENT FT V7,Vont 5X L BRENT FT V7
Vont 5X L CAC,Vont 5X L CAC
Vont 5X L COCOA FT,Vont 5X L COCOA FT
Vont 5X L COCOA FT V3,Vont 5X L COCOA FT V3
Vont 5X L COFFEE FT,Vont 5X L COFFEE FT
Vont 5X L COIN V2,Vont 5X L COIN V2
Vont 5X L COPPER FT,Vont 5X L COPPER FT
Vont 5X L CT1,Vont 5X L CT1
Vont 5X L DAX V6,Vont 5X L DAX V6
Vont 5X L GENERALI V2,Vont 5X L GENERALI V2
Vont 5X L ICE TTF NAT GAS FT V2,Vont 5X L ICE TTF NAT GAS FT V2
Vont 5X L INDU,Vont 5X L INDU
Vont 5X L KC1 V2,Vont 5X L KC1 V2
Vont 5X L LDO V14,Vont 5X L LDO V14
Vont 5X L LDO V16,Vont 5X L LDO V16
Vont 5X L LEONARDO V15,Vont 5X L LEONARDO V15
Vont 5X L MC FP,Vont 5X L MC FP
Vont 5X L META V7,Vont 5X L META V7
Vont 5X L MIB,Vont 5X L MIB
Vont 5X L MICROSOFT V5,Vont 5X L MICROSOFT V5
Vont 5X L MRNA V5,Vont 5X L MRNA V5
Vont 5X L NAS V8,Vont 5X L NAS V8
Vont 5X L NATGAS V9,Vont 5X L NATGAS V9
Vont 5X L NG1 V8,Vont 5X L NG1 V8
Vont 5X L NVDA,Vont 5X L NVDA
Vont 5X L PALLADIUM,Vont 5X L PALLADIUM
Vont 5X L RHM V3,Vont 5X L RHM V3
Vont 5X L SILVER V2,Vont 5X L SILVER V2
Vont 5X L SPX,Vont 5X L SPX
Vont 5X L STELLANTIS,Vont 5X L STELLANTIS
Vont 5X L STLA V2,Vont 5X L STLA V2
Vont 5X L STM,Vont 5X L STM
Vont 5X L SUGAR FT,Vont 5X L SUGAR FT
Vont 5X L SX5E,Vont 5X L SX5E
Vont 5X L TSLA V6,Vont 5X L TSLA V6
Vont 5X L UCG V8,Vont 5X L UCG V8
Vont 5X L WHEAT SR FT V5,Vont 5X L WHEAT SR FT V5
Vont 5X L WTI FT V6,Vont 5X L WTI FT V6
Vont 5X L XAU,Vont 5X L XAU
Vont 5X S C 1,Vont 5X S C 1
Vont 5X S CC1 V4,Vont 5X S CC1 V4
Vont 5X S CL1 V7,Vont 5X S CL1 V7
Vont 5X S COCOA FT V3,Vont 5X S COCOA FT V3
Vont 5X S COFFEE FT V13,Vont 5X S COFFEE FT V13
Vont 5X S COIN V5,Vont 5X S COIN V5
Vont 5X S COPPER FT,Vont 5X S COPPER FT
Vont 5X S GOLD V3,Vont 5X S GOLD V3
Vont 5X S KC1 V14,Vont 5X S KC1 V14
Vont 5X S LDO V15,Vont 5X S LDO V15
Vont 5X S META V8,Vont 5X S META V8
Vont 5X S MIB V4,Vont 5X S MIB V4
Vont 5X S NAS V7,Vont 5X S NAS V7
Vont 5X S NG1 V10,Vont 5X S NG1 V10
Vont 5X S NG1 V11,Vont 5X S NG1 V11
Vont 5X S NVDA V20,Vont 5X S NVDA V20
Vont 5X S NVIDIA V18,Vont 5X S NVIDIA V18
Vont 5X S SPX V5,Vont 5X S SPX V5
Vont 5X S STLA V23,Vont 5X S STLA V23
Vont 5X S TSLA V13,Vont 5X S TSLA V13
Vont 5X S TTF NATGAS V13,Vont 5X S TTF NATGAS V13
Vont 5X S UCG V5,Vont 5X S UCG V5
Vont 6X L MIB,Vont 6X L MIB
Vont 6X S DAX V3,Vont 6X S DAX V3
Vont 6X S MIB V3,Vont 6X S MIB V3
Vont 7X L BRENT FT V6,Vont 7X L BRENT FT V6
Vont 7X L CAC V2,Vont 7X L CAC V2
Vont 7X L CL1 V5,Vont 7X L CL1 V5
Vont 7X L COCOA FT,Vont 7X L COCOA FT
Vont 7X L COCOA FT V2,Vont 7X L COCOA FT V2
Vont 7X L COPPER FT,Vont 7X L COPPER FT
Vont 7X L CORN V13,Vont 7X L CORN V13
Vont 7X L DAX,Vont 7X L DAX
Vont 7X L EURUSD,Vont 7X L EURUSD
Vont 7X L ICE ENDEX DUTCH TTF NAT GAS FT,Vont 7X L ICE ENDEX DUTCH TTF NAT GAS FT
Vont 7X L INDU,Vont 7X L INDU
Vont 7X L KC1 V4,Vont 7X L KC1 V4
Vont 7X L KC1 V5,Vont 7X L KC1 V5
Vont 7X L MIB,Vont 7X L MIB
Vont 7X L NAT GAS V28,Vont 7X L NAT GAS V28
Vont 7X L NAT GAS V31,Vont 7X L NAT GAS V31
Vont 7X L PLATINUM V2,Vont 7X L PLATINUM V2
Vont 7X L SILVER V5,Vont 7X L SILVER V5
Vont 7X L SOYBEAN FT,Vont 7X L SOYBEAN FT
Vont 7X L SPX,Vont 7X L SPX
Vont 7X L SUGAR FT,Vont 7X L SUGAR FT
Vont 7X L SX7E V5,Vont 7X L SX7E V5
Vont 7X L TZT1 V3,Vont 7X L TZT1 V3
Vont 7X L WTI FT V9,Vont 7X L WTI FT V9
Vont 7X L XAU,Vont 7X L XAU
Vont 7X L XAU V4,Vont 7X L XAU V4
Vont 7X L ZC1 V14,Vont 7X L ZC1 V14
Vont 7X L ZW1 V7,Vont 7X L ZW1 V7
Vont 7X S CC1 V12,Vont 7X S CC1 V12
Vont 7X S CC1 V13,Vont 7X S CC1 V13
Vont 7X S CL1 V14,Vont 7X S CL1 V14
Vont 7X S CO1 V18,Vont 7X S CO1 V18
Vont 7X S COFFEE FT V17,Vont 7X S COFFEE FT V17
Vont 7X S COTTON FT V7,Vont 7X S COTTON FT V7
Vont 7X S DAX V4,Vont 7X S DAX V4
Vont 7X S ICE TTF NATGAS FT V3,Vont 7X S ICE TTF NATGAS FT V3
Vont 7X S INDU V4,Vont 7X S INDU V4
Vont 7X S KC1 V18,Vont 7X S KC1 V18
Vont 7X S MIB V9,Vont 7X S MIB V9
Vont 7X S NAS V8,Vont 7X S NAS V8
Vont 7X S NASDAQ100 V6,Vont 7X S NASDAQ100 V6
Vont 7X S NG1 V18,Vont 7X S NG1 V18
Vont 7X S NG1 V20,Vont 7X S NG1 V20
Vont 7X S SILVER V46,Vont 7X S SILVER V46
Vont 7X S SPX V3,Vont 7X S SPX V3
Vont 7X S SPX V4,Vont 7X S SPX V4
Vont 7X S SUGAR FT V8,Vont 7X S SUGAR FT V8
Vont 7X S SX7E V7,Vont 7X S SX7E V7
Vont 7X S TTF NATGAS V2,Vont 7X S TTF NATGAS V2
Vont 7X S WTI FT V11,Vont 7X S WTI FT V11
Vont 7X S XAU,Vont 7X S XAU
Vont 7X S XAU V13,Vont 7X S XAU V13
VONT GGC GLOBAL GROWTH COMPONENT AMC IDX,VONT GGC GLOBAL GROWTH COMPONENT AMC IDX
VONTOBEL AQUA STRATEGY,VONTOBEL AQUA STRATEGY
"VONTOBEL BELT AND ROAD INDEX, ADVISED BY","VONTOBEL BELT AND ROAD INDEX, ADVISED BY"
VONTOBEL CHINA NEW VISION INDEX,VONTOBEL CHINA NEW VISION INDEX
VONTOBEL FIRST SOL 4INVEST ALPHA LIQUIDI,VONTOBEL FIRST SOL 4INVEST ALPHA LIQUIDI
VONTOBEL FIRST SOLUTIONS MRM ALGO INDEX,VONTOBEL FIRST SOLUTIONS MRM ALGO INDEX
VONTOBEL GENE THERAPY PERFORMANCE-INDEX,VONTOBEL GENE THERAPY PERFORMANCE-INDEX
Vontobel Green Energy Strategy,Vontobel Green Energy Strategy
VONTOBEL LUXURY PERFORMANCE,VONTOBEL LUXURY PERFORMANCE
VONTOBEL SMART HEALTHCARE INDEX,VONTOBEL SMART HEALTHCARE INDEX
VONTOBEL SWISS RESEARCH BASKET,VONTOBEL SWISS RESEARCH BASKET
VOW3,Volkswagen AG
VSTOXX Future,VSTOXX Future
VT 3XL TSLA 4,VT 3XL TSLA 4
VT 5XL TSLA 5,VT 5XL TSLA 5
VT 7XL NASDAQ-100,VT 7XL NASDAQ-100
VT BIO STR AMC IDX,VT BIO STR AMC IDX
VT STRATEGY US IDX,VT STRATEGY US IDX
VT5XLONGBPM,VT5XLONGBPM
VTB GGC GRYPH BOND AMC INDEX,VTB GGC GRYPH BOND AMC INDEX
VWS,Vestas Wind Systems A/S
WALMART,Walmart Inc.
WAL-MART STORES,Walmart Inc.
WALT DISNEY,The Walt Disney Company
WALT DISNEY CO,The Walt Disney Company
WARNER BROS,Warner Bros. Discovery Inc.
WARNER BROS DISCOVERY,Warner Bros. Discovery Inc.
WAYFAIR,Wayfair Inc.
WEBUILD SPA,Webuild S.p.A.
WELLS,Wells Fargo & Company
WK KELLOGG,WK Kellogg Co
WOLF,Wolfspeed Inc.
WOLFSPEED,Wolfspeed Inc.
WORLD,WORLD (Too generic)
WORLDL,Worldline SA
Worldline SA,Worldline SA
WTI,WTI
WTI CRUDE FUTURE APR24,WTI CRUDE FUTURE APR24
WTI CRUDE OIL,WTI CRUDE OIL
WTI CRUDE OIL FT,WTI CRUDE OIL FT
WTI Light Sweet Crude Oil,WTI Light Sweet Crude Oil
XIAOMI,Xiaomi Corporation
Xiaomi Corp,Xiaomi Corporation
XLF UP,XLF UP
XTRACKERS ART INTEL & BIG DATA UCITS ETF,XTRACKERS ART INTEL & BIG DATA UCITS ETF
Z,"Z (Too generic, could be Zillow, Zimmer Biomet, etc.)"
ZAL,Zalando SE
ZALANDO,Zalando SE
ZOOM,Zoom Video Communications Inc.
ZURICH,Zurich Insurance Group AG
ZURICH INSUR,Zurich Insurance Group AG
ZURN,Zurich Insurance Group AG
NESTLÈ,Nestlé S.A.
COMPAGNIE FINANCIÈRE RICHEMONT,Compagnie Financière Richemont SA
BLINK CHARGING,Blink Charging
CHARGEPOINT,Chargepoint
VARTA,Varta
SPDR S&P OIL&GAS ETF,Spdr S&P Oil&Gas Etf
SXEU600AUTO&PARTS,Sxeu600Auto&Parts
LEONTEQ EUROPEAN HIGH YIELD BONDS 4%RC I,Leonteq European High Yield Bonds 4%Rc I
LEONTEQ 4%RC INDEX ON PIMCO GIS INCOME F,Leonteq 4%Rc Index On Pimco Gis Income F
SNAP INC.,Snap Inc.
DEBITO AIR FRANCE KLM,Debito Air France Klm
PHILIPS,Koninklijke Philips N.V.
UC EUROPEAN HEALTH AND LIFESTYLE INDEX,Uc European Health And Lifestyle Index
KÜHNE+NAGE,Kühne+Nage
THESWATCHG,The Swatch Group
CLARIANT,Clariant
VONTOBEL,Vontobel
PRADA,Prada
SALVATORE FER,Salvatore Ferragamo S.p.A.
ROLLSROYC,Rolls-Royce Holdings plc
HARLEYDAVIDSON,Harley-Davidson
ESX50,EURO STOXX 50 Index
NSQ,NASDAQ100
DEVON ENERGY,Devon Energy Corporation
Vont 4X S VIX V6,Vont 4X S Vix V6
SOLACTIVE US MAGNIFICENT 7 INDEX,Solactive Us Magnificent 7 Index
BANCO,Banco BPM SpA
VT3XLONGBPM,Vt3Xlongbpm
WBD,Wbd
SOLACTIVE BATTERY ENERGY STORAGE PERFORM,Solactive Battery Energy Storage Perform
VONTOBEL FIRST SOLUTIONS QUANT STR PRODU,Vontobel First Solutions Quant Str Produ
Vont 3X L AMZN V3,Vont 3X L Amzn V3
Vont 5X L UCG V6,Vont 5X L Ucg V6
Vont 5X S DAX V8,Vont 5X S Dax V8
Euro iStoxx 50 Carbon Adaptation GR D 5%,Euro Istoxx 50 Carbon Adaptation Gr D 5%
0ASML,ASML Holding N.V.
CRED AGR,Crédit Agricole S.A.
THE GOLDMAN SACHS AZIONARIO FUNDS INDEX,The Goldman Sachs Azionario Funds Index
MSCI WORLD ESG LEADERS PR EUR INDEX,Msci World Esg Leaders Pr Eur Index
DEBITOSAIPEMFINANCEINTER,Debitosaipemfinanceinter
EURIBOR3MESI,EURIBOR 3M
ISTOXX GLOBAL DIV ENHANCED IMPACT SEL 30,Istoxx Global Div Enhanced Impact Sel 30
2-YEAR T-NOTE FUTURE JUN 23,2-Year T-Note Future Jun 23
BRUNELLOC,Brunello Cucinelli S.p.A.
MICR,MicroStrategy Incorporated
QCOM,Qualcomm Incorporated
VZ,Vz
INVES,Invesco Ltd.
JEFF,Jefferies
KKR,KKR & Co. Inc. 
C3.A,C3.AI
BAE Systems PLC,Bae Systems Plc
AZMT,Azimut Holding SpA
SCOR,Scor
MTU,MTU Aero Engines
BOEIN,The Boeing Company
VEOL,Veolia
Applovin Corp,Applovin Corp
Hims Hers Health Inc,Hims Hers Health Inc
SOLACTIVE NEW MOBILITY 16% RISK CONTROL,Solactive New Mobility 16% Risk Control
SOLACTIVE SPACE ECONOMY 14% RISK CONT 5%,Solactive Space Economy 14% Risk Cont 5%
DEBITO VOLKSWAGEN,Debito Volkswagen
JUST EAT,Just Eat Takeaway
HELLOFRESH,HelloFresh
MONTEPASCHI,Banca Monte dei Paschi di Siena S.p.A.
CR AGRIC,Crédit Agricole S.A.
Former Charter Communications Parent Inc,Former Charter Communications Parent Inc
TEAM,Atlassian
CAPG,Capgemini SE
DEBCOMM,Debcomm
FINECO GD FUND,Fineco Gd Fund
ACCENTURE,Accenture Inc.
WARNER,Warner Bros. Discovery
BMS,Bristol Myers Squibb
CREDIT AG,Crédit Agricole S.A.
DECALIA EU AMC IDX,Decalia Eu Amc Idx
MSCI EUROPE ESG LEADERS INDEX EUR,MSCI EUROPE ESG LEADERS INDEX EUR
LEONTEQ GLBL HYDROGEN TECH 15%RC IND,LEONTEQ GLBL HYDROGEN TECH 15%RC IND
REN,RWE AG
TOYOTA,Toyota Motor Corporation
MCDONALDS,McDonald's Corporation
COPPER,COPPER
BSK DEB FORD,BSK DEB FORD
JLR,Tata Motors Limited (Jaguar Land Rover Parent)
VOLV,Volvo Group (AB Volvo)
EURO STOXX50,EURO STOXX50
LEO OPEN ACTIVE ETF IDX,LEO OPEN ACTIVE ETF IDX
IBM,International Business Machines Corporation
IVG,IVG
PLUGPOWER,Plug Power Inc.
ENPHASE ENERGY,"Enphase Energy, Inc."
SNOWFLAKE INC,Snowflake Inc.
OCC PETROLEUM,OCC PETROLEUM
DEVONENER,Devon Energy Corporation
PETROBRASADR,Petróleo Brasileiro S.A. (Petrobras) ADR
VIVENDI,Vivendi SE
HAVAS,Havas SA
LOUIS HACHETTE,LOUIS HACHETTE
Vont 4X S NFLX V6,Vont 4X S NFLX V6
Vont 7X S COPPER FT V4,Vont 7X S COPPER FT V4
Vont 5X L ISP V2,Vont 5X L ISP V2
HOOD,"Robinhood Markets, Inc."
AIR FR,Air France-KLM
D LUFT,Deutsche Lufthansa AG
CARL,Carlsberg A/S
PERN,Pernod Ricard SA
ICE ENDEX DUTCH TTF NAT GAS FT 08/23,ICE ENDEX DUTCH TTF NAT GAS FT 08/23
VT JP EQ STR AMC IDX,VT JP EQ STR AMC IDX
AIRFRA,Air France-KLM
COSTCO,Costco Wholesale Corporation
DOLLAR,"Dollar Tree, Inc."
MONDE,"Mondelēz International, Inc."
TARG,Target Corporation
KPN,KPN N.V.
Vont 3X L ENI V2,Vont 3X L ENI V2
Vont 5X L ENI V2,Vont 5X L ENI V2
Vont 3X L SPX,Vont 3X L SPX
Vont 3X S XAG V2,Vont 3X S XAG V2
Vont 3X S SX7E,Vont 3X S SX7E
Vont 3X L XPD,Vont 3X L XPD
VONTOBEL ART INTELLIGENCE OPPORT AMC I,VONTOBEL ART INTELLIGENCE OPPORT AMC I
STOXX Europe 600 Telecommunications,STOXX Europe 600 Telecommunications
STOXX GLBL ESG SOCIAL LEAD DIV SEL30EUR,STOXX GLBL ESG SOCIAL LEAD DIV SEL30EUR
STOXX EUROPE 50 ESG LEADERS(EUR),STOXX EUROPE 50 ESG LEADERS(EUR)
KRAF,The Kraft Heinz Company
BAK,BAK
KHC,The Kraft Heinz Company
PG,The Procter & Gamble Company
BIONT,BioNTech SE
XLF,XLF
LEGR,Legrand SA
NAT,Nordic American Tanker Shipping Ltd
DATADOG,"Datadog, Inc."
E-MINI S&P 500 FUTURES,E-MINI S&P 500 FUTURES
LUX,Luxfer Holdings PLC
PST,PST
ISHARES GLOBAL CLEAN ENERGY UCITS ETF,ISHARES GLOBAL CLEAN ENERGY UCITS ETF
EQUINOR,Equinor ASA
ENAV SPA,ENAV S.p.A.
CREDITO EMILIANO,Credito Emiliano S.p.A.
ELI,Eli Lilly and Company
MSCI EURPE SEL BLUE CYCLE 50 DECR 5% EUR,MSCI EURPE SEL BLUE CYCLE 50 DECR 5% EUR
S&P 500 NTR 10% DYNAMIC RISK CONTR 2%DEC,S&P 500 NTR 10% DYNAMIC RISK CONTR 2%DEC
SOLACTIVE EURPE GREENDEAL SELION AR5%IND,SOLACTIVE EURPE GREENDEAL SELION AR5%IND
AIR FR-KLM,Air France-KLM
UNITED AIRL,"United Airlines Holdings, Inc."
GILEAD,"Gilead Sciences, Inc."
DOLLAR GENERAL,Dollar General Corporation
SMART GLOB DEF ZC FINECO FUND,SMART GLOB DEF ZC FINECO FUND
KOREA KOSPI 200 INDE,KOREA KOSPI 200 INDE
SLB,Schlumberger Limited
POSTE AND ESTX BANK,POSTE AND ESTX BANK
DEBGSUB,DEBGSUB
EUR3M,EURIBOR 3M
DEB AIR FRA,DEBITO AIR FRANCE
DEB TELEC ITA,DEBITO TELECOM ITALIA
BLOOMBERG COMMODITY INDEX,BLOOMBERG COMMODITY INDEX
ZOOM VIDEO COMMUNICATIONS,ZOOM VIDEO COMMUNICATIONS
ADV MICRO DEVICES,Advanced Micro Devices
CNH INDUSTR,CNH Industrial
STMICROELE,STMicroelectronics
ADM,Archer-Daniels-Midland
FTSE ITALIA PIR PMI,FTSE ITALIA PIR PMI
European Biotech Index,European Biotech Index
Chipotle Mexican Grill Inc,Chipotle Mexican Grill Inc
CATERPILLAR,Caterpillar
GENRL ELEC,General Electric
VERNO,VERNO
ARCELOR,ArcelorMittal
SGOB,SGOB
HEIDEL,HeidelbergCement
XPENG,XPENG
MERCK & CO,MERCK & CO
BHP LTD ADR,BHP Group
GEELY AUTOM,Geely Automobile Holdings
Vont 7X L LIVE CATTLE FT,Vont 7X L LIVE CATTLE FT
MARATHON DIG,Marathon Digital Holdings
VT STRATEGY EU IDX,VT STRATEGY EU IDX
SOL QUANTUM IDX,SOL QUANTUM IDX
UBISOFT ENTERTAINMENT,UBISOFT ENTERTAINMENT
BEYOND,Beyond Meat
Vont 5X S RHM V4,Vont 5X S RHM V4
HEID,HeidelbergCement
FORVIA,FORVIA
Vont 7X L PALLADIUM V7,Vont 7X L PALLADIUM V7
Vont 5X S MSFT V10,Vont 5X S MSFT V10
Vont 5X S META V6,Vont 5X S META V6
Vont 5X L PLATINUM,Vont 5X L PLATINUM
Vont 3X S KC1,Vont 3X S KC1
5XL GOOG 3,5XL GOOG 3
Vont 5X L ENEL V2,Vont 5X L ENEL V2
Vont 7X S EURUSD,Vont 7X S EURUSD
EURO STOXX UTILITIES,EURO STOXX UTILITIES
BASKET 3 EUROSTOXX,BASKET 3 EUROSTOXX
DEUTSCHE POST,Deutsche Post
COLGATE,Colgate-Palmolive
LINDT,Lindt & Sprüngli AG
KON,KONE Corporation
EUROSTOXXBANKS,EUROSTOXXBANKS
ST,STMicroelectronics
CAMP,Davide Campari-Milano N.V.
PAL,Palantir Technologies
FCX,Freeport-McMoRan
EXELON,Exelon Corporation
BWX TECHNOLOGIES,BWX TECHNOLOGIES
NORWEGIAN CRUISE LINE,NORWEGIAN CRUISE LINE
AIR,Airbus
MTX,Materialise NV
HO,Hermès International
SAAB AB,SAAB AB
NYMEX LS CRUDE 08/25,NYMEX LS CRUDE 08/25
DB STLA,DB STLA
DEBITO ARCELORMITTAL,DEBITO ARCELORMITTAL
BASF SE,BASF SE
LINDE PLC,LINDE PLC
VOW,Volkswagen AG
INTL,INTL
ABN AMRO,ABN AMRO
LEVI,Levi Strauss & Co.
RUSSEL,RUSSELL 2000 INDEX
XOM,Exxon Mobil Corporation
BASKET 3 STOXX EU 600,BASKET 3 STOXX EU 600
LI,Li Auto
NTES,NetEase Inc.
ALLIA,Allianz SE
AGEA,Ageas SA/NV
STL,Stellantis N.V.
DAL,Delta Air Lines Inc.
Under Armour Inc-Class A,Under Armour Inc.
PROSH 20+ Y ETF,PROSH 20+ Y ETF
MET,MetLife Inc.
PORSCHE VZ,Porsche Automobil Holding SE Vz
BEST,BEST Inc.
HUMANA,Humana Inc.
Rivian Automotive Inc.,Rivian Automotive Inc.
MAZDA,Mazda Motor Corporation
DHER,Delivery Hero SE
VTY,Vistry Group PLC
Vont 5X S GOOG V6,Vontobel 5X Short Alphabet (GOOG) V6
VESTAS WIND SYS,Vestas Wind Systems A/S
SOLAREDGE TECH,SolarEdge Technologies Inc.
TAIWAN SEMICONDUC MANUF,Taiwan Semiconductor Manufacturing Company (TSMC)
Vont 3X S MSFT V4,Vontobel 3X Short Microsoft V4
Vont 3X L AAPL V5,Vontobel 3X Long Apple V5
Vont 3X L XPT,Vontobel 3X Long Platinum (XPT)
Vont 5X L CORN FT,Vontobel 5X Long Corn Futures
Vont 5X L XPD V2,Vontobel 5X Long Palladium (XPD) V2
Vont 3X S NVDA V4,Vontobel 3X Short NVIDIA V4
CONTINENTAL,Continental AG
MICHELIN,Compagnie Générale des Établissements Michelin
NEXT GENERATION ESG LEADERS,NEXT GENERATION ESG LEADERS
WALTDI,The Walt Disney Company
MBENZ,Mercedes-Benz Group AG
CHEVRON CORPORATION,Chevron Corporation
DEBITO BANCO BPM,DEBITO BANCO BPM
ERICSS,Ericsson
STMICROELEC,STMicroelectronics N.V.
XPENG INC.,XPeng Inc.
BASKET 10 EU SHARES,BASKET 10 EU SHARES
ESTEELAUDER,Estée Lauder Companies Inc.
ASM INTERNATIONAL,ASM International N.V.
MCD,McDonald's Corporation
CPG,Compass Group PLC
KLG,Koninklijke DSM-Firmenich N.V.
Sartorius AG,Sartorius AG
MICRON T,Micron Technology Inc.
CHART,Chart Industries Inc.
NTFLX,Netflix Inc.
WALT DIS,The Walt Disney Company
GILT FUTURE,GILT FUTURE
ASSICURAZIONI,Assicurazioni Generali S.p.A.
ENAGAS,Enagás S.A.
WAL,Western Alliance Bancorporation
BNP INT US AMC IDX,BNP INT US AMC IDX
DEBMBSUB,DEBMBSUB
DEBUCGSUB,DEBUCGSUB
TOTAL ENERG,TotalEnergies SE
EUR TEC10 CNO,EUR TEC10 CNO
DEBISPSUB,DEBISPSUB
EZ,EZ
SHL,Siemens Healthineers AG
MRK,"Merck & Co., Inc."
USD SOFR ICE SR 1Y,USD SOFR ICE SR 1Y
UBS GROUP AG,UBS Group AG
SAPM,Saipem S.p.A.
SANDOZ,Sandoz
SXKP,STOXX Europe 600 Telecommunications
SXTP,STOXX Europe 600 Telecommunications
STMPAFP,STMicroelectronics NV
TEN IM,Tenaris S.A.
PROSHRS 20Y ETF,PROSH 20+ Y ETF
0% NLD GOV (01/15/2052),0% Nld Gov (01/15/2052)
BKT 3 STOXX,STOXX Europe 600 Daily Leverage 3
NINTENDO CO LTD,Nintendo Co. Ltd.
BPERBANCA,BPER Banca S.p.A.
BKT 4 ESTOXX,STOXX Europe 600 Daily Leverage 4
AZM,Azimut Holding SpA
LUFTH,Deutsche Lufthansa AG
Vont 7X S COPPER V6,Vont 7X S Copper V6
Vont 7X L SX5E,Vont 7X L Sx5E
Vont 2X L FVS1 V17,Vont 2X L Fvs1 V17
ANHEUSER-BUSCH I,Anheuser-Busch
FIRSTSOLAR,First Solar Inc.
ENPHASE E,"Enphase Energy, Inc."
4XS DAX,DAX 40
Vontobel Nuclear Energy Index,Vontobel Nuclear Energy Performance Index
FONDO CPR INVEST - REACTIVE,CPR Invest - Reactive Fund
DAX FUTURES LEVERAGE LONG 7X,DAX Futures x7 Leveraged Long
UMICORE,Umicore SA
FTSE MIB DAILY FUTURES LEVERAGE LONG 5X,FTSE MIB x5 Daily Leveraged Long Futures
SXX EU600 UTIL,STOXX Europe 600 Utilities Index
NIKK 225,Nikkei 225 Index
ESXXBANK,EURO STOXX Banks Index
RUSS200,Russell 2000 Index
AT&T,AT&T Inc.
DEBITO NEXI,Nexi SpA Corporate Debt
KOSPI2,KOSPI 200 Index
AS51,S&P/ASX 200 Index
IBEX,IBEX 35 Index
EURO STOXX AUTOMOBILES & PARTS NET RETUR,EURO STOXX Automobiles & Parts Net Return Index
EXELIXIS INC,"Exelixis, Inc."
VERTEX PHARMA INC,Vertex Pharmaceuticals Incorporated
SOLARDEDGE,"SolarEdge Technologies, Inc."
ROYAL CARIBBEAN INTERNATIONAL,Royal Caribbean Group
TRI,Thomson Reuters Corporation
IREN,Iren SpA
TECHNOPROBE SPA,Technoprobe SpA
NVDIA,NVIDIA Corporation
BRUNELLO,Brunello Cucinelli SpA
QARS TPS QUANTITAT ABSOLUTE RTN IND AMC,QARS TPS Quantitative Absolute Return Index AMC
TUI1,TUI AG
EZJ,easyJet plc
IBER,Iberdrola SA
WFC,Wells Fargo & Company
KRAFT,The Kraft Heinz Company
PERNOD,Pernod Ricard SA
S AND P,S&P 500 Index
ASX 200,S&P/ASX 200 Index
SIKA,Sika AG
EN,Enel SpA
